Sno,Name,Address
1,1 MEDICAL TECK GHEE,"410 Ang Mo Kio Avenue 10, #01-837, Teck Ghee Square, S560410"
2,18 CLINIC,"101 Towner Road, #01-228, S322101"
3,1 MEDICAL TECK GHEE,"410 Ang Mo Kio Avenue 10, #01-837, Teck Ghee Square, S560410"
4,1 MEDICAL TECK GHEE,"410 Ang Mo Kio Avenue 10, #01-837, Teck Ghee Square, S560410"
5,A & A CLINIC,"570B Woodlands Avenue 1, #01-07, S732570"
6,A LIFE CLINIC PTE LTD,"10 Sinaran Drive, #09-21, Novena Medical Center, S307506"
7,A MEDICAL CLINIC,"1 Everton Park, #01-27, Everton Park, S081001"
8,A+FFORDABLE CLINIC (AMK AVE 10),"449 Ang Mo Kio Avenue 10, #01-1715, S560449"
9,A1 MEDICAL CLINIC,"418 Bedok North Avenue 2, #01-63, Linear Green @ Bedok, S460418"
10,ABLE MEDICAL,"201D Tampines Street 21, #01-1129, S524201"
11,ACACIA MEDICAL CLINIC,"180 Depot Road, #01-07, Interlace, The, S109684"
12,ACUMED MEDICAL GROUP,"16 Collyer Quay, #02-03, Income At Raffles, S049318"
13,ACUMED MEDICAL GROUP,"215C Compassvale Drive, #01-02, S543215"
14,ACUMED MEDICAL GROUP,"38 Teban Gardens Road, #01-318/319, S600038"
15,ACUMED MEDICAL GROUP,"1 Joo Koon Circle, #01-23, Fairprice Hub, S629117"
16,ACUMED MEDICAL GROUP,"71 Pioneer Road, #01-06, Tuas Amenity Centre, S639591"
17,ACUMED MEDICAL GROUP,"301 Boon Lay Way, #01-18/19, Boon Lay Mrt Station, S649846"
18,ACUMED MEDICAL GROUP,"214 Bedok North Street 1, #01-165, S460214"
19,ACUMED MEDICAL GROUP,"64 Yung Kuang Road, #01-107/111, S610064"
20,ACUMED MEDICAL GROUP,"1 Jurong West Central 2, #B1A-19E, Jurong Point Shopping Centre, S648886"
21,ACUMED MEDICAL GROUP,"111 Woodlands Street 13, #01-78, S730111"
22,ACUMED MEDICAL GROUP,"128 Tuas South Avenue 3, #01-03, S637370"
23,ADIDAH FAMILY CLINIC & SURGERY,"821 Tampines St 81, #01-210, S520821"
24,ADMIRALTY FAMILY MEDICAL CLINIC,"693 Woodlands Avenue 6, #01-08, S730693"
25,ADVANCE CLINIC & SURGERY PTE LTD,"301 Ubi Ave 1, #01-269, S400301"
26,AE MEDICAL CLINIC,"467B Fernvale Link, #01-529, S792467"
27,ALEXANDRA FAMILY CLINIC & SURGERY,"57 Dawson Road, #02-02, S142057"
28,ALLHEALTH FAMILY CLINIC,"872C Tampines Street 86, #01-01, S523872"
29,ALLIANCE CLINIC AND PARTNERS PTE LTD,"652 Jalan Tenaga, #01-50, S410652"
30,AMDA INTERNATIONAL PEACE CLINIC  (PHPC),"9  Taman Serasi, #01-11, S257720"
31,AMITY MEDICAL CLINIC & DENTAL SURGERY,"371 Bt Batok St 31, #01-314, S650371"
32,AMK FAMILY CLINIC PTE LTD,"51 Ang Mo Kio Ave 3, #01-01, No 51 @ Amk, S569922"
33,AMPM FAMILY CLINIC & SURGERY PTE. LTD.,"123 Toa Payoh Lor 1, #01-521, S310123"
34,ANG MO KIO FAMILY MEDICINE CLINIC,"4190 Ang Mo Kio Avenue 6, #03-01, Broadway Plaza, S569841"
35,ANG MO KIO MEDICAL CENTRE,"157 Ang Mo Kio Ave 4, #01-558, S560157"
36,ANSARI FAMILY CLINIC & SURGERY,"78 Lorong 25A Geylang Road, S388259"
37,ANTEH DISPENSARY PTE LTD,"1 Lorong 22 Geylang, #01-02, Grandview Suites, S398664"
38,APEX CLINIC & SURGERY,"306 Woodlands St 31, #01-39, S730306"
39,APEX CLINIC & SURGERY,"844 Yishun St 81, #01-162, S760844"
40,APEX MEDICAL CENTRE (JURONG) PTE LTD,"960 Jurong West St 92, #01-172, S640960"
41,APOLLO MEDICAL CENTRE,"668 Chander Road, #01-24, S210668"
42,ASPEN CLINIC,"283 Bishan Street 22, #01-185, S570283"
43,ASSOCIATE DISPENSARIES,"94 Toa Payoh Lor 4, #01-20, S310094"
44,ASSURANCE MEDICARE CLINIC AND SURGERY,"370 Tanjong Katong Road, S437127"
45,ATRIO FAMILY CLINIC,"291 Yishun Street 22, #01-349, S760291"
46,ATRIO FAMILY CLINIC (AMK) PTE. LTD.,"532 Ang Mo Kio Avenue 10, #01-2461, Cheng San Centre, S560532"
47,B T GOH FAMILY CLINIC & SURGERY,"194 Kim Keat Ave, #01-406, S310194"
48,BALKIS FAMILY CLINIC,"631 Bedok Reservoir Rd, #01-968, S470631"
49,BANYAN CLINIC @ JW,"502 Jurong West Avenue 1, #01-817, S640502"
50,BANYAN CLINIC PTE LTD.,"768 Woodlands Avenue 6, #02-04, Woodlands Mart, S730768"
51,BEDOK CENTRAL CLINIC,"214 Bedok North Street 1, #01-161, S460214"
52,BEDOK CLINIC & SURGERY(FAMILY MEDICAL CENTRE),"17 Bedok South Rd, #01-565, S460017"
53,BEDOK LIFE CLINIC,"123 Bedok North St 2, #01-160, S460123"
54,BEDOK MEDICAL CENTRE,"18 Bedok South Rd, #01-57, S460018"
55,BETHESDA MEDICAL CENTRE,"3 Temasek Boulevard, #03-330, Suntec City Mall, S38983"
56,BISHAN GRACE CLINIC,"150 Bishan Street 11, #01-151, S570150"
57,BL MEDICAL ASSOCIATES,"2 Science Park Drive, #01-10, Ascent, S118222"
58,BLESS MEDICAL CENTRE PTE LTD,"221 Boon Lay Place, #01-108, Boon Lay Shopping Centre, S640221"
59,BOK FAMILY CLINIC PTE LTD,"117 Bedok Reservoir Road, #01-58, S470117"
60,BOON KENG CLINIC & SURGERY,"11 Upper Boon Keng Rd, #01-919, S380011"
61,BOON LAY CLINIC & SURGERY,"221 Boon Lay Place, #01-240/244, S640221"
62,BOON LAY CORPORATION CLINIC,"350 Jurong East Avenue 1, #01-1225, S600350"
63,BOSTON MEDICAL CLINIC,"119 Aljunied Avenue 2, #01-72, S380119"
64,BRADDELL MEDICAL CLINIC,"124 Lorong 1 Toa Payoh, #01-489, S310124"
65,BUKIT BATOK MEDICAL CLINIC,"207 Bukit Batok St 21, #01-114, S650207"
66,BUKIT TIMAH CLINIC,"621A Bukit Timah Road, S269731"
67,BUKIT TIMAH NAM SANG CLINIC,"80 Jln Jurong Kechil, S598591"
68,C & K FAMILY CLINIC PTE LTD,"108 Upper East Coast Road, S455297"
69,C H TAN MEDICAL CLINIC & DENTAL SURGERY,"177 Bt Batok West Ave 8, #01-259, S650177"
70,C K TAN FAMILY CLINIC & SURGERY PTE LTD,"125 Toa Payoh Lor 1, #01-537, S310125"
71,C.M.C. WONG BINJAI CLINIC,"15 Binjai Park, S589824"
72,C3 FAMILY CLINIC @ALJUNIED CRESCENT,"95 Aljunied Crescent, #01-509, Macpherson View, S380095"
73,CALROSE MEDICAL FAMILY CLINIC,"231A Sumang Lane, #01-05, Matilda Court, S821231"
74,CAMRY MEDICAL CENTRE,"95 Toa Payoh Lorong 4, #01-66, S310095"
75,CANBERRA CARE MEDICAL CLINIC,"120 Canberra Crescent, #01-04, Multi Storey Car Park, S750120"
76,CANBERRA MEDICAL AESTHETICS,"306A Canberra Road, #01-01, Multi Storey Car Park, S751306"
77,CARE FAMILY CLINIC,"663 Buffalo Road, #01-12, S210663"
78,CARE MEDICAL PTE LTD,"683 Hougang Ave 8, #01-931, S530683"
79,CARELINK FAMILY CLINIC,"400 Baliestier Road, #01-09/10, S329802"
80,CARING FAMILY CLINIC,"501 Jurong West Street 51, #01-271, S640501"
81,CARITAS CLINIC,"304 Ubi Ave 1, #01-127, S400304"
82,CASHEW MEDICAL & SURGERY,"445 Fajar Rd, #02-522, Fajar Shopping Centre, S670445"
83,CCK FAMILY CLINIC,"304 Choa Chu Kang Ave 4, #01-653, S680304"
84,CECILIA FAMILY CLINIC & SURGERY,"484 Tampines St 43, #01-224, S520484"
85,CENTRAL 24-HR CLINIC ( PIONEER NORTH ),"959 Jurong West Street 92, #01-160, S640959"
86,CENTRAL 24-HR CLINIC (BEDOK),"219 Bedok Central, #01-124, Multi Storey Car Park, S460219"
87,CENTRAL 24-HR CLINIC (CLEMENTI),"450 Clementi Ave 3, #01-291, S120450"
88,CENTRAL 24-HR CLINIC (HOUGANG),"681 Hougang Ave 8, #01-831, S530681"
89,CENTRAL 24-HR CLINIC (MARSILING),"303 Woodlands Street 31, #01-185, S730303"
90,CENTRAL 24-HR CLINIC (PASIR RIS),"446 Pasir Ris Drive 6, #01-122, S510446"
91,CENTRAL 24-HR CLINIC (TAMPINES),"201D Tampines Street 21, #01-1151, S524201"
92,CENTRAL 24-HR CLINIC (WOODLANDS),"768 Woodlands Avenue 6, #02-06A, Woodlands Mart, S730768"
93,CENTRAL 24-HR CLINIC (YISHUN),"701A Yishun Ave 5, #01-04, S761701"
94,CENTRAL 24HR CLINIC (JURONG WEST),"492 Jurong West Street 41, #01-54, S640492"
95,CENTRAL MEDICAL GROUP PTE LTD,"11 Jalan Bukit Merah, #01-4442, S150011"
96,CHAI CHEE CLINIC & SURGERY,"25A Chai Chee Rd, #01-453, S461025"
97,CHAN FAMILY CLINIC,"865 Mountbatten Road, #02-81H, S437844"
98,CHANG CLINIC,"1 Jln Anak Bukit, #B1-08/09/10, Bukit Timah Plaza, S588996"
99,CHANG CLINIC & SURGERY,"7 Everton Park, #01-21, S80007"
100,CHANGI CLINIC,"848 Sims Avenue, #01-734, Eunosville, S400848"
101,CHEN FAMILY CLINIC,"153 Serangoon North Ave 1, #01-490, S550153"
102,CHENG CLINIC,"447 Ang Mo Kio Ave 10, #01-1677, S560447"
103,CHEONG FAMILY CLINIC PTE LTD,"45 Owen Rd, #01-293, S210045"
104,CHIA & LEE MEDICAL & DENTAL CLINIC,"802 Tampines Ave 4, #01-15, S520802"
105,CHIA CLINIC AND SURGERY,"27 Foch Road, #01-04, Hoa Nam Building, S209264"
106,CHIN CHOO CLINIC,"35 Circuit Road, #01-430, S370035"
107,CHIN MEDICAL CLINIC,"524A Jelapang Road, #02-02A, Greenridge Shopping Centre, S671524"
108,CHINATOWN WELLNESS CLINIC,"531 Upper Cross Street, #02-02, Hong Lim Complex, S50531"
109,CHNG CLINIC AND SURGERY,"178 Toa Payoh Central, #01-236, S310178"
110,CHONG & LIM FAMILY CLINIC,"103 Gangsa Road, #01-39, S670103"
111,CHONG MEDICAL CLINIC,"703 Bedok Reservoir Road, #01-3500, S470703"
112,CHONG'S MEDICAL CENTRE,"190 Clemenceau Ave, #01-29/30, Singapore Shopping Centre, S239924"
113,CHOONG'S CLINIC,"21 Old Airport Rd, #01-97, S390021"
114,CHOONG'S CLINIC,"480 Tampines St 44, #01-261, S520480"
115,CHUA & PARTNERS FAMILY CLINIC,"18 Jalan Membina, #02-05, S164018"
116,CHUA CLINIC,"678 Hougang Ave 8, #01-513, S530678"
117,CHUA CLINIC & SURGERY,"769 Yishun Ave 3, #01-281, S760769"
118,CHUA MEDICAL CENTRE PTE LTD,"248 Simei St 3, #01-134, S520248"
119,CHUA MEDICAL CLINIC AND SURGERY PTE LTD,"642 Bukit Batok Central, #01-52, S650642"
120,CHUA MEDICO CLINIC LLP,"529 Ang Mo Kio Ave 10, #01-2323, S560529"
121,CHUAH CLINIC & SURGERY PTE LTD,"113 Aljunied Ave 2, #01-19, S380113"
122,CIRCUIT MEDICAL CLINIC,"36 Circuit Road, #01-424, Balam Gardens, S370036"
123,CITYGP FAMILY CLINIC,"122 Bedok North Street 2, #01-106, S460122"
124,CITYHEALTH CLINIC & SURGERY,"152 Beach Road, #03-08, Gateway East, S189721"
125,CLARION MEDICAL,"202 Ang Mo Kio Avenue 3, #01-1676, Ang Mo Kio View, S560202"
126,CLIFFORD DISPENSARY PTE LTD,"50 Airport Boulevard, #03-50A, Dnata Building, S819658"
127,CLIFFORD DISPENSARY PTE LTD,"350 Orchard Road, #15-03, Shaw House, S238868"
128,CLINIC @ THE SAIL,"2 Marina Boulevard, #B1-11/12, The Sail @ Marina Bay, S018987"
129,CLINIC FARIDAH,"59 New Upper Changi Road, #01-1230, S461059"
130,CLINIC@COSTA,"84 Bayshore Road, #01-35/36, Costa Del Sol, S469994"
131,CLINICAL ASSOCIATES MEDICAL CENTRE,"137 Teck Whye Lane, #01-313, S680137"
132,CLOVER MEDICAL CLINIC PTE LTD,"21 Choa Chu Kang North 6, #01-01, Yew Tee Point, S689578"
133,COMFORT CLINIC & SURGERY,"214 Serangoon Ave 4, #01-100, S550214"
134,CORNERSTONE MEDICAL,"29A Ghim Moh Link, #01-03, S271029"
135,CORPORATION CLINIC (CHOA CHU KANG),"253 Choa Chu Kang Ave 1, #01-21, S680253"
136,CRAWFURD MEDICAL,"3 Temasek Boulevard, #02-482, Suntec City Mall, S38983"
137,CREST FAMILY CLINIC PTE. LTD.,"724 Woodlands Ave 6, #01-502, S730724"
138,CROSS STREET MEDICAL CLINIC,"531 Upper Cross Street, #01-35, Hong Lim Complex, S50531"
139,CROSSROADS FAMILY CLINIC,"601B Tampines Avenue 9, #01-10, Tampines Greenridges, S522601"
140,DA CLINIC @ ANCHORVALE,"351 Anchorvale Road, #01-01, S540351"
141,DA CLINIC @ ANSON,"10 Anson Road, #01-12, International Plaza, S079903"
142,DA CLINIC @ BISHAN,"501 Bishan Street 11, #01-374, S570501"
143,DA CLINIC @ BUKIT BATOK,"451 Bukit Batok West Avenue 6, #01-02, S650451"
144,DA CLINIC @ POTONG PASIR,"51 Upper Serangoon Road, #01-53, The Poiz Centre, S347697"
145,DA CLINIC @ SEMBAWANG,"604 Sembawang Road, #B1-06, Sembawang Shopping Centre, S758459"
146,DA CLINIC @ TAMAN JURONG,"140 Corporation Drive, #01-03, S610140"
147,DAILY MEDICAL CENTRE,"159 Hougang Street 11, #01-17, S530159"
148,DAYSPRING MEDICAL CLINIC (TAMPINES),"2 Tampines Central 5, #04-09, Century Square, S529509"
149,DOCTORS CLINIC & SURGERY,"305 Woodlands Street 31, #01-91, S730305"
150,DOCTORS FOR LIFE MEDICAL,"3 Pickering Street, #01-02, S048660"
151,DOCTORS INC MEDICAL GROUP,"190 Toa Payoh Lorong 6, #01-590, S310190"
152,"DOCTORS KOO, LOH & ASSOCIATES (PTE) LTD","152 Yung Ho Rd, #B1-03, S610152"
153,DOVER MEDICAL CENTRE,"1 Fusionopolis Way, #03-05, Connexis, S138632"
154,DR CHEN AND PARTNERS MEDICAL CLINIC,"9 Sin Ming Road, #B1-01, Thomson V One, S575630"
155,DR CHUA & LEE FAMILY CLINIC,"213 Bishan Street 23, #B1-235, S570213"
156,DR CHUA'S FAMILY CLINIC PTE. LTD.,"638 Jurong West Street 61, #02-04, Pioneer Mall, S640638"
157,DR GARY'S FAMILY CLINIC,"77 Indus Road, #01-519, Indus Garden, S160077"
158,DR JEREMY CHAN MEDICAL CLINIC,"123 Lorong 1 Toa Payoh, #01-493, S310123"
159,DR JOYCE & PARTNERS FAMILY CLINIC,"224A Sumang Lane, #01-01, Matilda Edge, S821224"
160,DR JOYCE & PARTNERS FAMILY CLINIC (TOA PAYOH BRANCH),"177 Toa Payoh Central, #01-146, S310177"
161,DR KEVIN CHUA MEDICAL & AESTHETICS,"360 Orchard Road, International Building, #03-05, S238869"
162,DR NAH & LEE FAMILY CLINIC,"780 Woodlands Crescent, #01-03, Multi Storey Car Park, S730780"
163,DR W.K. KOO & ASSOCIATES P.L.,"1 Jurong West Central 2, #01-16A&B, Jurong Point, S648886"
164,DRS CHAN & TANG FAMILY CLINIC,"125 Lorong 1 Toa Payoh, #01-549, S310125"
165,DRS CHUA & PARTNERS PTE LTD,"1 Tanjong Pagar Plaza, #01-10, S082001"
166,"DRS KOO, FOK & ASSOCIATES PTE LTD","55 Benoi Road, #01-12, S629907"
167,"DRS KOO, FOK & ASSOCIATES( PIONEER )","31 Jurong West Street 63, #02-04, S648310"
168,"DRS KOO, KOH & ASSOCIATES P.L.","163 Bukit Merah Central, #01-3609, S150163"
169,DRS LIM & CHAN CLINIC,"2 Lor Lew Lian, #01-50, S531002"
170,DRS LIM & CHAN CLINIC,"106 Hougang Ave 1, #01-1235, S530106"
171,"DRS OH, LIM, WONG & PARTNERS","959 Jurong West St 92, #01-154, S640959"
172,"DRS SINGH & PARTNERS, RAFFLES CITY MEDICAL CENTRE","252 North Bridge Rd, #02-16, Raffles City Shopping Centre, S179103"
173,DRS TANG & PARTNERS PTE. LTD.,"64 Yung Kuang Road, #01-115, S610064"
174,DUXTON MEDICAL CLINIC,"7 Tanjong Pagar Plaza, #01-106, S81007"
175,DUXTON MEDICAL CLINIC CANBERRA,"361 Sembawang Crescent, #01-03, S750361"
176,E MEDICAL CLINIC & SURGERY,"126 Lorong 1 Toa Payoh, #01-567, S310126"
177,E.J. TAN CLINIC & SURGERY,"104 Jurong East St 13, #01-100, S600104"
178,EAST COAST FAMILY CLINIC,"121 Meyer Road, #01-05, The Makena, S437932"
179,EAST COAST MEDICAL CENTRE PTE LTD,"57A New Upper Changi Rd, #01-1374, S462057"
180,EASTERN CLINIC & SURGERY PTE LTD,"235 Jurong East Street 21, #01-316, S600235"
181,EASTERN CLINIC & SURGERY PTE LTD,"318 Jurong East Street 31, #01-48, S600318"
182,EASTERN CLINIC AND DENTAL SURGERY,"303 Jurong East St 32, #01-92, S600303"
183,EASTERN MEDICAL CENTRE,"631 Bedok Reservoir Rd, #01-896, S470631"
184,EC FAMILY CLINIC,"30 Eunos Crescent, #01-17/18, Eunos Mrt Station, S409423"
185,EDGEDALE MEDICAL CLINIC,"122A Edgedale Plains, #01-187, S821122"
186,EDGEDALE MEDICAL CLINIC (CAMBRIDGE),"40 Cambridge Road, #01-115, S210040"
187,EE CLINIC,"128 Ang Mo Kio Ave 3, #01-1859, S560128"
188,EH MEDICAL,"785E Woodlands Rise, #01-12, S735785"
189,EH MEDICAL FAMILY CLINIC (BUKIT BATOK),"292 Bukit Batok East Avenue 6, #01-07, S650292"
190,EHA CLINIC @ JURONG,"492 Jurong West Street 41, #01-40, S640492"
191,EIDDWEN FAMILY MEDICINE CLINIC,"34 Cassia Crescent, #01-80, S390034"
192,EJ FAMILY CLINIC & SURGERY,"109 Toa Payoh Lor 1, #01-314, S310109"
193,ELIAS FAMILY CLINIC & SURGERY,"625 Elias Rd, #01-320, S510625"
194,ELISSA MEDICAL CLINIC,"1 Hougang Street 91, #01-21, Hougang 1, S538692"
195,ELYON FAMILY CLINIC AND SURGERY,"78B Telok Blangah Street 32, #01-22, S102078"
196,EMMANUEL MEDICAL CLINIC,"272 Tampines Street 22, #01-26, S520272"
197,EON MEDICAL CLINIC,"475 Upper Serangoon Crescent, #01-04, Multi Storey Car Park, S530475"
198,ESSENTIAL FAMILY CLINIC & SURGERY,"626A Woodlands Dr 52, #01-01, S731626"
199,ETERN MEDICAL CLINIC,"70 Punggol Central, #01-05, Punggol Mrt Station, S828868"
200,ETERN MEDICAL CLINIC (FERNVALE PALM),"432A Sengkang West Way, #01-03, S791432"
201,ETERN MEDICAL CLINIC (PUNGGOL SUMANG LRT),"308C Punggol Walk, #01-302, Waterway Terraces I, S823308"
202,ETERN MEDICAL CLINIC (SENGKANG),"33 Sengkang West Avenue, #03-33, The Seletar Mall, S797653"
203,EVANGEL MEDICAL CLINIC,"10 Chai Chee Rd, #01-01, S467010"
204,EVERHEALTH FAMILY CLINIC & SURGERY,"762 Jurong West St 75, #01-290, Gek Poh Shopping Centre, S640762"
205,EVERHEALTH MEDICAL CENTRE,"540 Hougang Avenue 8, #B1-1235, S530540"
206,EVERTON CLINIC,"7 Everton Park, #01-17, S80007"
207,EXCEL FAMILY CLINIC,"21 Hougang St 51, #01-06, Hougang Green Shopping Mall, S538719"
208,EXCELSIOR CLINIC & SURGERY,"283 Bt Batok East Ave 3, #01-261, S650283"
209,F K LIM FAMILY CLINIC,"267 Tampines St 21, #01-43, S520267"
210,FAITH CLINIC (BEDOK),"746 Bedok Reservoir Road, #01-3013, S470746"
211,FAITH CLINIC (JURONG WEST),"762 Jurong West St 75, #02-256D, S640762"
212,FAITH CLINIC (SIMEI),"139 Simei St 1, #01-10, S520139"
213,FAITH CLINIC (TOA PAYOH),"211 Toa Payoh Lor 8, #01-19, S310211"
214,FAITH CLINIC (YISHUN),"598 Yishun Ring Road, #01-11, Wisteria Mall, S768698"
215,FAITH FAMILY CLINIC,"57 Marine Terrace, #01-113, S440057"
216,FAITH HEALTHCARE (RIVERVALE),"11 Rivervale Crescent, #02-15, Rivervale Mall, S545082"
217,FAITH HEALTHCARE (TAMPINES),"11 Tampines Street 32, #01-11, Tampines Mart, S529287"
218,FAITH MEDICAL CLINIC & SURGERY,"487C Tampines St 45, #B1-103, S522487"
219,FAJAR FAMILY CLINIC & SURGERY,"445 Fajar Road, #01-550, Fajar Shopping Centre, S670445"
220,FAMILY CARE CLINIC & SURGERY,"608 Ang Mo Kio Ave 5, #01-2785, S560608"
221,FAMILY CARE MEDICAL CENTRE PTE LTD,"916 Hougang Ave 9, #01-08, S530916"
222,FAMILY DOCTORS AT 365,"365 Corporation Drive, #01-407, S610365"
223,FAMILY HEALTH CLINIC & SURGERY,"2 Balestier Road, #01-651, Balestier Hill Shopping Centre, S320002"
224,FAMILY HEALTH MEDICAL CENTRE,"226G Ang Mo Kio Ave 1, #01-681, S567226"
225,FAMILY HEALTHCARE CLINIC & SURGERY,"151 Serangoon North Ave 2, #01-35, S550151"
226,FAMILY HEALTHCARE CLINIC & SURGERY PTE LTD,"523 Hougang Ave 6, #01-119, S530523"
227,FAMILY MEDICAL CLINIC PTE LTD,"280 Bt Batok East Ave 3, #01-317, S650280"
228,FAMILY MEDICARE CLINIC & SURGERY,"721 Ang Mo Kio Ave 8, #01-2815, S560721"
229,FAMILY MEDICINE CLINIC,"58 Marine Terrace, #01-65, S440058"
230,FAMILY MEDICINE CLINIC CHINATOWN,"133 New Bridge Road, #02-09, Chinatown Point, S059413"
231,FAMILYCARE CLINIC & SURGERY,"85C Toa Payoh Lorong 4, #01-380, S313085"
232,FERNVALE FAMILY CLINIC,"405C Fernvale Lane, #01-101, S793405"
233,FINEST HEALTH MEDICAL CENTRE,"19 Lorong 7 Toa Payoh, #01-268, Kim Keat Palm, S310019"
234,FIRST CARE FAMILY CLINIC & SURGERY,"253 Jurong East St 24, #01-257, S600253"
235,FIRST LIGHT FAMILY CLINIC & SURGERY,"272 Bukit Batok East Avenue 4, #01-72, S650272"
236,FIRST MEDICAL CENTRE (YISHUN) PTE LTD,"110 Yishun Ring Rd, #01-399, S760110"
237,FIRST MEDICAL CENTRE PTE LTD,"169 Stirling Road, #01-1165, S140169"
238,FIRST MEDICAL CLINIC & SURGERY,"167 Woodlands St 11, #01-11, S730167"
239,FOCUS MEDICAL CENTRE,"137 Teck Whye Lane, #01-329, Teck Whye Shopping Centre, S680137"
240,FONG CLINIC,"162 Mei Ling St, #01-361, S140162"
241,FRASER MEDICAL CENTRE,"78A Telok Blangah St 32, #01-07, S101078"
242,FRIENDSHIP CLINIC & SURGERY,"1 Jalan Bukit Merah, #01-4524, S150001"
243,FRONTIER FAMILY MEDICINE CLINIC,"3151 Commonwealth Avenue West, #04-01, Cityvibe, S129581"
244,FRONTIER MEDICAL ASSOCIATES,"494 Tampines Street 45, #01-02, S523494"
245,FRONTIER MEDICAL ASSOCIATES,"982 Buangkok Crescent, #01-03, S530982"
246,FRONTIER MEDICAL ASSOCIATES,"163 Ang Mo Kio Ave 4, #01-426, S560163"
247,FRONTIER MEDICAL ASSOCIATES,"678D Jurong West Street 64, #01-347, S644678"
248,FRONTIER MEDICAL ASSOCIATES,"440 Bukit Batok West Avenue 8, #01-05, S650440"
249,FRONTIER MEDICAL ASSOCIATES,"691 Woodlands Drive 73, #01-04, S730691"
250,FRONTIER MEDICAL ASSOCIATES,"899C Woodlands Dr 50, #01-296, S732899"
251,FRONTIER MEDICAL ASSOCIATES,"105 Canberra Street, #01-11, S750105"
252,FRONTIER MEDICAL ASSOCIATES,"654 Yishun Ave 4, #01-437, S760654"
253,FRONTIER MEDICAL ASSOCIATES,"304 Ubi Avenue 1, #01-87, S400304"
254,FRONTIER MEDICAL ASSOCIATES,"451 Bukit Batok West Ave 6, #01-07, S650451"
255,FRONTIER PEOPLE'S CLINIC,"123 Bedok North Street 2, #01-152, S460123"
256,FULLERTON HEALTH @ DRS TRYTHALL HOY DAVIES,"391B Orchard Road, #25-01/07/08, Ngee Ann City Tower B, S238874"
257,FULLERTON HEALTHCARE @ ARC,"460 Alexandra Road, #02-18, S119963"
258,FULLERTON HEALTHCARE @ DRS TRYTHALL HOY DAVIES,"1 Jurong West Central 2, #B1A-19B, Jurong Point Shopping Centre, S648886"
259,FULLERTON HEALTHCARE @ GETHIN-JONES,"78 Shenton Way, #04-01, S079120"
260,FULLERTON HEALTHCARE @ METROPOLIS,"9 North Buona Vista Drive, #01-03, The Metropolis, S138588"
261,G & H MEDICAL CLINIC PTE LTD,"106 Yishun Ring Road, #01-173, S760106"
262,GARDEN CLINIC,"304 Serangoon Ave 2, #01-04, S550304"
263,GLOBAL CARE MEDICAL,"77 Jalan Malu-Malu, #01-77, S769687"
264,GOODDOCTORS MEDICAL CLINIC,"18 Yishun Avenue 9, #02-55, S768897"
265,GREEN CROSS MEDICAL CENTRE,"824 Tampines St 81, #01-30, S520824"
266,GREENFOREST FAMILY CLINIC,"878C Tampines Avenue 8, #01-71, S523878"
267,GREENLIFE CLINIC & SURGERY,"11 Canberra Rd, #02-01, Sembawang Mrt Station, S759775"
268,GREENLIFE CLINIC & SURGERY,"624 Choa Chu Kang Street 62, #01-230, Yew Tee Shopping Centre, S680624"
269,GREENLINK MEDICAL CLINIC,"807 Yishun Ring Road, #01-4213, S760807"
270,GSH CLINIC & SURGERY PTE. LTD,"9 Yio Chu Kang Road, #01-40, S545523"
271,H S LEE CLINIC & SURGERY,"173 Yishun Ave 7, #01-823, S760173"
272,HAMID FAMILY CLINIC & SURGERY,"156 Pasir Ris St 13, #01-35, S510156"
273,HARMONY FAMILY CLINIC,"235 Choa Chu Kang Central, #B1-25, S680235"
274,HAVELOCK FAMILY CLINIC,"22 Havelock Rd, #01-709, S160022"
275,HEALTH FIRST FAMILY CLINIC,"26 Jalan Membina, #01-06, S161026"
276,HEALTH PARTNERS FAMILY CLINIC,"1 Bt Batok Central Link, #01-37, West Mall, S658713"
277,HEALTH PARTNERS MEDICAL CLINIC,"100 Cecil Street, #09-01, The Globe, S069532"
278,HEALTH PARTNERS MEDICAL CLINIC (SIGLAP),"23 Upper East Coast Road, Crescendo Building, S455289"
279,HEALTH PARTNERSHIP MEDICAL CENTRE,"109 Bukit Purmei Rd, #01-145, S090109"
280,HEALTHBRIDGE FAMILY CLINIC,"615A Edgefield Plains, #01-327, Punggol Spring, S821615"
281,HEALTHCARE AMK MEDICAL CLINIC,"157 Ang Mo Kio Avenue 4, #01-578, S560157"
282,HEALTHCARE FAMILY CLINIC & SURGERY,"403 Sin Ming Ave, #01-311, S570403"
283,HEALTHCARE HOUGANG MEDICAL CLINIC,"311 Hougang Avenue 5, #01-191, S530311"
284,HEALTHLIFE FAMILY CLINIC,"296A Bukit Batok Street 22, #01-64, Skyline Ii @ Bukit Batok, S651296"
285,HEALTHLINE FAMILY CLINIC & SURGERY PTE. LTD.,"25A Chai Chee Road, #01-467, S461025"
286,HEALTHLINK (AMK) MEDICAL CENTRE,"108 Ang Mo Kio Ave 4, #01-86, S560108"
287,HEALTHLINK FAMILY CLINIC & SURGERY,"21 Ghim Moh Road, #01-187, S270021"
288,HEALTHLINK MEDICAL CLINIC & SURGERY,"5 Upper Aljunied Lane, #01-46, S360005"
289,HEALTHMARK CLINIC (PASIR RIS),"735 Pasir Ris Street 72, #01-314, Pasir Ris West Plaza, S510735"
290,HEALTHMARK FAMILY CLINIC (COMPASSVALE),"263 Compassvale Street, #01-02/03, S540263"
291,HEALTHMARK FAMILY MEDICINE CLINIC,"601 Choa Chu Kang St 62, #01-09, S680601"
292,HEALTHMARK MEDICAL CLINIC,"639 Punggol Drive, #01-06, S820639"
293,HEALTHMARK PIONEER MALL CLINIC,"638 Jurong West Street 61, #02-08, Pioneer Mall, S640638"
294,HEALTHMATTERS - THE FAMILY PRACTICE,"1 Pasir Ris Close, #02-309/310, Downtown East, S519599"
295,HEALTHMED FAMILY CLINIC (BUKIT PANJANG),"416 Saujana Road, #01-50, S670416"
296,HEALTHPLUS CLINIC & SURGERY,"631 Bedok Reservoir Road, #01-898, S470631"
297,HEALTHPLUS FAMILY CLINIC & SURGERY,"78A Telok Blangah St 32, #01-02, S101078"
298,HEALTHPOINT FAMILY CLINIC & SURGERY PTE LTD,"48 Tanglin Halt Rd, #01-337, S142048"
299,HEALTHSPRINGS MEDICAL ASSOCIATES,"541 Orchard Rd, #10-02, S238881"
300,HEALTHSPRINGS MEDICAL CLINIC,"524A Jelapang Road, #02-01/02, Greenridge Shopping Centre, S671524"
301,HEALTHWAY MEDICAL,"6A Shenton Way, #02-15, Downtown Gallery, S068815"
302,HEALTHWAY MEDICAL,"443 Clementi Avenue 3, #01-63, S120443"
303,HEALTHWAY MEDICAL,"727 Clementi West Street 2, #01-258, S120727"
304,HEALTHWAY MEDICAL,"705 Serangoon Road, #01-06, Kwong Wai Shiu Hospital, S328127"
305,HEALTHWAY MEDICAL,"110 Lengkong Tiga, #01-231, S410110"
306,HEALTHWAY MEDICAL,"503 Tampines Central 1, #01-311, S520503"
307,HEALTHWAY MEDICAL,"710 Tampines St 71, #01-134, S520710"
308,HEALTHWAY MEDICAL,"108 Hougang Ave 1, #01-1299, S530108"
309,HEALTHWAY MEDICAL,"90 Hougang Avenue 10, #04-06, Hougang Mall, S538766"
310,HEALTHWAY MEDICAL,"267 Compassvale Link, #01-04, S540267"
311,HEALTHWAY MEDICAL,"308 Anchorvale Road, #01-03, Multi Storey Car Park, S540308"
312,HEALTHWAY MEDICAL,"330 Ang Mo Kio Ave 1, #01-1803, S560330"
313,HEALTHWAY MEDICAL,"452 Ang Mo Kio Ave 10, #01-1787, S560452"
314,HEALTHWAY MEDICAL,"690 Jurong West Central 1, #01-193, S640690"
315,HEALTHWAY MEDICAL,"153 Bukit Batok St 11, #01-284, S650153"
316,HEALTHWAY MEDICAL,"446 Bukit Batok West Avenue 8, #01-03, S650446"
317,HEALTHWAY MEDICAL,"717 Woodlands Drive 70, #01-114, S730717"
318,HEALTHWAY MEDICAL,"30 Sembawang Drive, #03-20, Sun Plaza, S757713"
319,HEALTHWAY MEDICAL,"461 Yishun Avenue 6, #01-05, S760461"
320,HEALTHWAY MEDICAL,"168 Punggol Field, #02-07A, S820168"
321,HEALTHWAY MEDICAL,"10 Sinaran Drive, #09-36, Novena Medical Center, S307506"
322,HEALTHWAY MEDICAL,"177 Toa Payoh Central, #01-130, S310177"
323,HEALTHWAY MEDICAL,"101 Towner Road, #01-236, S322101"
324,HEALTHWAY MEDICAL,"218 Bedok North St 1, #01-17, S460218"
325,HEALTHWAY MEDICAL,"625 Elias Rd, #01-322, Elias Mall, S510625"
326,HEALTHWAY MEDICAL,"201D Tampines Street 21, #01-1143, S524201"
327,HEALTHWAY MEDICAL,"118 Rivervale Drive, #02-17, Rivervale Plaza, S540118"
328,HEALTHWAY MEDICAL,"721 Ang Mo Kio Ave 8, #01-2801, S560721"
329,HEALTHWAY MEDICAL,"960 Jurong West St 92, #01-166, S640960"
330,HEALTHWAY MEDICAL,"445 Fajar Road, #02-534, Fajar Shopping Centre, S670445"
331,HEALTHWAY MEDICAL,"475 Choa Chu Kang Ave 3, #02-03, Sunshine Place, S680475"
332,HEALTHWAY MEDICAL,"888 Woodlands Dr 50, #02-737, 888 Plaza, S730888"
333,HEALTHWAY MEDICAL,"417 Yishun Ave 11, #01-321, S760417"
334,HEALTHWAY MEDICAL CLINIC,"3 Gateway Drive, #04-32, Westgate, S608532"
335,HEALTHWAY MEDICAL CLINIC,"534 Choa Chu Kang St 51, #01-37, Limbang Shopping Centre, S680534"
336,HEALTHWAY MEDICAL CLINIC,"748 Yishun Street 72, #01-230, S760748"
337,HEALTHWAY MEDICAL CLINIC,"101 Yishun Avenue 5, #01-15, S760101"
338,HEALTHWERKZ MEDICAL CENTRE,"355 Sembawang Way, #01-02, S750355"
339,HEALTHWERKZ MEDICAL CENTRE (CCK),"225 Choa Chu Kang Central, #01-199, S680225"
340,HEALTHWISE MEDICAL CLINIC & SURGERY,"41 Jalan Tiga, #01-07, S390041"
341,HEARTLAND FAMILY CLINIC,"333C Yishun Street 31, #01-167, S763333"
342,HEARTLAND HEALTH,"59 New Upper Changi Road, #01-1268, S461059"
343,HEARTLANDHEALTH,"114 Jurong East Street 13, #01-406, S600114"
344,HEARTLANDHEALTH,"66 Lorong 4 Toa Payoh, #01-315, S310066"
345,HEARTLANDHEALTH,"164 Bukit Batok Street 11, #01-152, S650164"
346,HEARTLANDHEALTH,"463 Jurong West Street 41, #01-564, S640463"
347,HEARTLANDHEALTH,"19 Lorong 7 Toa Payoh, #01-272, S310019"
348,HEARTLANDHEALTH,"88 Curcuit Road, #01-965, S370088"
349,HEARTLANDHEALTH,"730 Tampines Street 71, #01-51, S520730"
350,HEARTLANDHEALTH,"86 Redhill Close, #01-600, S150086"
351,HEARTLANDHEALTH,"18 Bedok South Road, #01-69, S460018"
352,HILL SPRING MEDICAL,"12 Jalan Leban, Sembawang Hills Estate, S577552"
353,HISEMAINN MEDICAL CLINIC (BUKIT BATOK),"289E Bukit Batok St 25, #01-160, S654289"
354,HISEMAINN MEDICAL CLINIC (JURONG WEST),"276 Jurong West Street 25, #01-06, S640276"
355,HISEMAINN MEDICAL CLINIC (SIMS PLACE),"48 Sims Place, #01-167,S380048"
356,HK FAMILY CLINIC & SURGERY PTE LTD,"410 Ang Mo Kio Ave 10, #01-817, S560410"
357,HL CLINIC PTE LTD,"9 Telok Blangah Crescent, #01-135, S90009"
358,HL FAMILY CLINIC & SURGERY PTE LTD,"111 Jalan Bukit Merah, #01-1704, S160111"
359,HL FAMILY CLINIC & SURGERY(BEDOK) PTE LTD,"89 Bedok North Street 4, #01-83, S460089"
360,HO MEDICAL CENTRE PTE LTD,"352 Clementi Avenue 2, #01-115, S120352"
361,HO TONG CLINIC,"35 Circuit Road, #01-448, S370035"
362,HONG ASSOCIATES CLINIC,"111 Jln Bukit Merah, #01-1682, S160111"
363,HONG FAMILY CLINIC,"282 Tampines St 22, #01-300, S520282"
364,HONG'S CLINIC PEOPLE'S PARK CENTRE,"101 Upper Cross Street, #B1-37, People'S Park Centre, S58357"
365,HOPE FAMILY CLINIC AND SURGERY,"883 Woodlands St 82, #02-466A, Woodlands North Plaza, S730883"
366,HORIZON MEDICAL CENTRE,"200 Upper Thomson Road, #01-11, Thomson Imperial Court, S574424"
367,"HUA MEI CLINIC, WHAMPOA","300 Whampoa Drive, #02-06, S327737"
368,HUAN CLINIC,"51 Chin Swee Road, #03-111, S160051"
369,HUI CLINIC + SURGERY,"157 Ang Mo Kio Ave 4, #01-566, S560157"
370,I-HEALTH MEDICAL CLINIC,"30 Bendemeer Road, #01-883, S330030"
371,I.MEDICAL & I.AESTHETICS,"1 Northpoint Drive, #B1-176, Northpoint City, S768019"
372,ICARE MEDICAL AND WELLNESS CLINIC,"22 Havelock Road, #01-701, S160022"
373,ICON MEDICAL CLINIC,"517 Jurong West St 52, #01-101, S640517"
374,IDOC CLINIC,"21 Hougang Street 51, #01-43, S538719"
375,IDOC CLINIC (HONG KAH) PTE LTD,"502 Jurong West Avenue 1, #01-813, S640502"
376,INTEMEDICAL (KOVAN),"210 Hougang Street 21, #01-233, S530210"
377,INTEMEDICAL 24 HOUR CLINIC,"525 Ang Mo Kio Avenue 10, #01-2407"
378,ISLAND FAMILY CLINIC (ANCHORVALE),"338 Anchorvale Crescent, #01-02, S540338"
379,ISLAND FAMILY CLINIC (BEDOK),"763 Bedok Reservoir View, #01-283, S470763"
380,ISLAND FAMILY CLINIC (BUKIT BATOK),"447 Bukit Batok West Avenue 9, #01-05, S650447"
381,ISLAND FAMILY CLINIC (FERNVALE),"473A Fernvale Street, #01-03, S791473"
382,ISLAND FAMILY CLINIC (KEAT HONG),"803 Keat Hong Close, #01-04, S680803"
383,ISLAND FAMILY CLINIC (SENGKANG),"279 Sengkang East Avenue, #01-05, S540279"
384,ISLAND MEDICAL CLINIC,"55 Newton Road, #02-07, Revenue House, S307987"
385,JADE MEDICAL CLINIC PTE LTD,"8 Eu Tong Sen Street, #13-99, The Central Office Tower 1, S059818"
386,JAPAN CLINIC AND SURGERY,"802 French Rd, #01-55, S200802"
387,JIREH FAMILY CLINIC,"883 Woodlands Street 82, #02-468A, S730883"
388,JJ CLINIC & SURGERY,"107 Ang Mo Kio Avenue 4, #01-150, S560107"
389,JO-LIN FAMILY CLINIC & SURGERY,"533 Choa Chu Kang St 51, #01-29, Limbang Shopping Centre, S680533"
390,JOASH FAMILY CLINIC & SURGERY,"1030 Upper Serangoon Road, S534767"
391,JOY CLINIC AND SURGERY,"844 Yishun St 81, #01-164, S760844"
392,JOY FAMILY CLINIC,"703 Bedok Reservoir Road, #01-3506, S470703"
393,JOYHEALTH MEDICAL CLINIC & SURGERY,"825 Tampines Street 81, #01-50, S520825"
394,JOYSPRING FAMILY CLINIC,"133 Ang Mo Kio Ave 3, #01-1643, S560133"
395,JUBILEE FAMILY PHYSICIANS,"258 Pasir Ris St 21, #02-16, S510258"
396,JURONG EAST CLINIC,"114 Jurong East St 13, #01-406, S600114"
397,JW CORPORATION CLINIC PTE LTD,"507 Jurong West Street 52, #01-156, S640507"
398,K L TAY CLINIC & SURGERY,"632 Bedok Reservoir Rd, #01-822, S470632"
399,K N CHIN & ASSOCIATES PTE LTD,"24 Raffles Place, #02-18, Clifford Centre, S048621"
400,K N CHIN & ASSOCIATES PTE LTD MEDICAL PRACTICE,"3 Temasek Boulevard, #02-400, Suntec City Mall, S38983"
401,K. B. TAN CLINIC & LASER SURGERY,"625 Elias Rd, #01-310, Elias Mall, S510625"
402,K2 MEDICAL CLINIC,"248 Simei Street 3, #01-128, Multi Storey Car Park, S520248"
403,KAI MEDICAL CLINIC,"5 Tampines Street 32, #02-05, Tampines Mart, S529284"
404,KANG AN CLINIC PTE LTD,"644 Bt Batok Central, #01-70, S650644"
405,KAO & TAN FAMILY MEDICAL CENTRE & SURGERY PTE LTD,"18 Jalan Membina, #02-03, Tiong Bahru Court, S164018"
406,KARRI FAMILY CLINIC,"866A Tampines St 83, #03-05, Tampines Central Community Complex, S521866"
407,KATONG FAMILY CLINIC PTE LTD,"263 Tanjong Katong Road, #01-03, Suites@ Katong, S437050"
408,KCS MEDICAL CENTRE PTE LTD,"515 Bedok North Ave 2, #01-205, S460515"
409,KEAT HONG FAMILY MEDICINE CLINIC,"2 Choa Chu Kang Loop, #03-02, Keat Hong Community Club, S689687"
410,KENNETH LOO FAMILY CLINIC,"152 Bishan St 11, #01-215, S570152"
411,KENNETH TAN MEDICAL CLINIC,"658 Punggol East, #01-07, S820658"
412,KEPPEL MEDICAL GROUP,"9 Telok Blangah Crescent, #01-139, S90009"
413,KHOO CLINIC & SURGERY,"998 Upper Serangoon Rd, S534737"
414,KI MEDICAL CLINIC,"416 Ang Mo Kio Avenue 10, #01-975, S560416"
415,KL NG MEDICAL CLINIC PTE LTD,"1 Jalan Bukit Merah, #01-4530, S150001"
416,KO FAMILY CLINIC,"18 Upper Boon Keng Road, #01-1133, S380018"
417,L & H POLYCLINIC AND SURGERY,"59 Lengkok Bahru, #01-543, S150059"
418,L & L FAMILY MEDICINE CLINIC,"6 Sin Ming Road, #01-07, Sin Ming Plaza Tower 2, S575585"
419,LAI MEDICAL CLINIC PTE LTD,"213 Bt Batok St 21, #01-209, S650213"
420,LAKESIDE FAMILY MEDICINE CLINIC,"518A Jurong West Street 52, #01-02, S641518"
421,LC CLINIC MEDICAL SURGERY AESTHETICS,"446 Clementi Avenue 3, #01-191, S120446"
422,LEE & KOH FAMILY CLINIC,"359 Bukit Batok St 31, #01-389, S650359"
423,LEE & TAN FAMILY CLINIC AND SURGERY,"72 Circuit Rd, #01-03, S370072"
424,LEE CLINIC,"123 Bedok North St 2, #01-156, S460123"
425,LEE FAMILY CLINIC PTE. LTD.,"762 Jurong West Street 75, #02-262, Gek Poh Shopping Centre, S640762"
426,LEONG CLINIC,"63B Lengkok Bahru, #01-366, S152063"
427,LER CLINIC & SURGERY,"835 Tampines St 83, #01-10, S520835"
428,LIAN CLINIC,"18 Marsiling Lane, #01-269, S730018"
429,LIANG CLINIC,"55 Siglap Road, #B1-15/16, Siglap Centre, S455871"
430,LIFE FAMILY CLINIC,"713 Ang Mo Kio Ave 6, #01-4052, S560713"
431,LIFE FAMILY CLINIC,"10 Choa Chu Kang Avenue 4, #01-28/29, Choa Chu Kang Mrt Station, S689810"
432,LIFE-LINK CLINIC & SURGERY,"446 Pasir Ris Dr 6, #01-120, S510446"
433,LIFECARE FAMILY CLINIC,"524A Jelapang Road, #02-15, Greenridge Shopping Centre, S671524"
434,LIFECARE MEDICAL CENTRE,"36 Circuit Road, #01-416, S370036"
435,LIFELINE BUKIT PANJANG MEDICAL CLINIC,"103 Gangsa Road, #01-37, S670103"
436,LIFELINE MEDICAL GROUP,"118 Rivervale Drive, #02-18, Rivervale Plaza, S540118"
437,LIFELINE PUNGGOL MEDICAL CLINIC PTE LTD,"198 Punggol Field, #02-03, S820198"
438,LIFELINE YISHUN RING MEDICAL CLINIC,"846 Yishun Ring Road, #01-3615, S760846"
439,LIFELINK SN CLINIC & SURGERY,"153 Serangoon North Avenue 1, #01-534, S550153"
440,LILY AW PASIR RIS FAMILY CLINIC & SURGERY,"446 Pasir Ris Dr 6, #01-116, S510446"
441,LILY NEO CLINIC PTE LTD,"101 Irrawaddy Road, #21-09, Royal Square Medical Suites @ Novena, S329565"
442,LIM CLINIC,"295 Changi Road, S419773"
443,LIM CLINIC,"446 Ang Mo Kio Ave10, #01-1663, S560446"
444,LIM CLINIC & SURGERY,"20 Chai Chee Road, #01-418/420, S461020"
445,LIM CLINIC & SURGERY,"109 Toa Payoh Lor 1, #01-312, S310109"
446,LIM COUNTRY CLINIC,"208 Hougang St 21, #01-207, S530208"
447,LIN & SONS CLINIC & SURGERY PTE LTD,"18 Teck Whye Lane, #01-97, S680018"
448,LITTLE CROSS FAMILY CLINIC PTE LTD,"929 Tampines St 91, #01-445, S520929"
449,LIVEWELL MEDICAL FAMILY CLINIC,"20 Ah Hood Road, #01-08, Zhongshan Mall, S329984"
450,LO & LEE CLINIC & SURGERY,"134 Lorong Ah Soo, #01-462, S530134"
451,LONDON (MH) CLINIC & SURGERY,"104 Hougang Ave 1, #01-1123, S530104"
452,LOW & LEE CLINIC & SURGERY,"55 Chai Chee Dr, #01-202, S460055"
453,LOW MEDICAL CLINIC,"67 Kallang Bahru, #01-447, S330067"
454,LUSUMU FAMILY CLINIC,"530 Bedok North St 3, #01-638, S460530"
455,M LAM CLINIC,"739 Geylang Road, S389649"
456,MACPHERSON MEDICAL CLINIC,"78 Circuit Road, #01-488, S370078"
457,MAKE-WELL FAMILY CLINIC & SURGERY,"70 Lorong 4 Toa Payoh, #01-351, S310070"
458,MANDARIN MEDICAL CENTRE,"66 Jln Jurong Kechil, Jk Building, S598586"
459,MANHATTAN MEDICAL CENTRE,"151 Chin Swee Road, #01-10/11/12, Manhattan House, S169876"
460,MARINE PARADE CLINIC,"59 Marine Terrace, #01-81, S440059"
461,MARINE TERRACE FAMILY CLINIC,"57 Marine Terrace, #01-129, S440057"
462,MAY MEDICAL CLINIC & SURGERY PTE LTD,"41 Holland Drive, #01-19, S270041"
463,MAYFAIR MEDICAL CLINIC,"182 Woodlands Street 13, #01-04, S730182"
464,MAYSPRINGS FAMILY CLINIC,"2 Petir Road, #01-14, Maysprings, S678265"
465,MEDI CLINIC,"2 Jalan Kukoh, #01-149, S163002"
466,MEDI HEALTHCARE CLINIC (PUNGGOL),"218 Sumang Walk, #01-02, S820218"
467,MEDICAL AND DENTAL CENTRE @ COMMONWEALTH,"88 Tanglin Halt Road, #01-03, Multi Storey Car Park, S141088"
468,MEDICARE ASSOCIATES,"482 Tampines Ave 9 St 43, #01-236, S520482"
469,MEDICO CLINIC & SURGERY,"249 Jurong East Street 24, #01-88, S600249"
470,MEDIHEALTH BISHAN CLINIC & SURGERY,"121 Bishan St 12, #01-95, S570121"
471,MEDINA MEDICAL CENTRE,"479 Tampines Street 44, #01-231, S520479"
472,MEDIPOINT MEDICAL CENTRE (PONGGOL BRANCH),"401 Hougang Ave 10, #01-1170, S530401"
473,MEDIPOINT MEDICAL CENTRE (WOODLANDS BRANCH),"548 Woodlands Dr 44, #02-24, Vista Point, S730548"
474,MEDIVALE MEDICAL CLINIC,"236 Yishun Ring Road, #01-1012, Yishun Hearts, S760236"
475,MEDIVENE CLINIC & SURGERY,"330 Anchorvale Street, #01-05, S540330"
476,MEDIVIEW CLINIC AND SURGERY,"150 Toa Payoh Lorong 1, #01-999, S310150"
477,MEDLIFE CLINIC & SURGERY,"684 Hougang Avenue 8, #01-985, S530684"
478,MEI LING CLINIC,"158 Mei Ling St, #01-80, S140158"
479,MEI LING CLINIC (TOA PAYOH),"500 Lor 6 Toa Payoh, #04-33, Biz One Hdb Hub, S310500"
480,MERIDIAN MEDICAL AND DENTAL CENTRE,"327 Hougang Ave 5, #01-162, S530327"
481,MERIDIAN MEDICAL CENTRE,"108 Depot Road, #01-10, Depot Heights Shopping Centre, S100108"
482,MHC FAMILY CLINIC (ANG MO KIO),"452 Ang Mo Kio Ave 10, #01-1789, S560452"
483,MILLENNIUM MEDICAL GROUP,"849 Woodlands St 82, #01-215, S730849"
484,MILLENNIUM MEDICAL GROUP,"533 Choa Chu Kang St 51, #01-33, S680533"
485,MINMED CLINIC (HAIG ROAD),"30 Haig Rd, S438737"
486,MINMED CLINIC (JURONG EAST),"50 Jurong Gateway Road, #04-17, Jem, S608549"
487,MINMED CLINIC (PASIR RIS),"1 Pasir Ris Central Street 3, #05-08/09, White Sands, S518457"
488,MINMED CLINIC (PUNGGOL),"83 Punggol Central, #02-15, Waterway Point, S828761"
489,MINMED CLINIC (SENGKANG),"1 Sengkang Square, #04-13, Compass One, S545078"
490,MINMED CLINIC (YISHUN),"1 Northpoint Drive, #02-153, Northpoint City, S768019"
491,MINMED HEALTH SCREENERS,"290 Orchard Road, #16-04/09/10, Paragon, S238859"
492,MISSION (BUKIT BATOK) MEDICAL CLINIC,"395A Bukit Batok West Ave 5, #03-02, S651395"
493,MISSION (HOUGANG) MEDICAL CLINIC,"356 Hougang Ave 7, #01-799, S530356"
494,MISSION CROSS FAMILY CLINIC,"348 Yishun Avenue 11, #01-03, S760348"
495,MISSION MEDICAL CLINIC,"780 Upper Serangoon Road, #01-01, S534649"
496,MUTUAL HEALTHCARE MEDICAL CLINIC,"205A Compassvale Lane, #01-53, S541205"
497,MUTUAL HEALTHCARE MEDICAL CLINIC,"319B Anchorvale Dr, #01-92, S542319"
498,MUTUAL HEALTHCARE MEDICAL CLINIC,"106A Punggol Field, #01-546, S821106"
499,MY CLINIC,"9 King Albert Park, #01-50, Kap, S598332"
500,MY DOCTOR @ LAKESIDE,"201 Boon Lay Way, #01-05, Lakeside Mrt Station, S649845"
501,MY DOCTOR'S PLACE PTE LTD,"218 Bedok North Street 1, #01-41, S460218"
502,MY FAMILY CLINIC (ANCHORVALE),"326A Anchorvale Road, #01-260, S541326"
503,MY FAMILY CLINIC (ANGSANA BREEZE @ YISHUN),"507 Yishun Avenue 4, #01-05, S760507"
504,MY FAMILY CLINIC (CHOA CHU KANG),"475 Choa Chu Kang Ave 3, #02-01, Sunshine Place, S680475"
505,MY FAMILY CLINIC (CLEMENTI 325) PTE LTD,"325 Clementi Ave 5, #01-139, S120325"
506,MY FAMILY CLINIC (CLEMENTI),"420A Clementi Avenue 1, #01-05, Casa Clementi, S121420"
507,MY FAMILY CLINIC (HOUGANG CENTRAL),"804 Hougang Central, #01-118, S530804"
508,MY FAMILY CLINIC (PIONEER),"638 Jurong West St 61, #02-09, Pioneer Mall, S640638"
509,MY FAMILY CLINIC (PUNGGOL CENTRAL),"301 Punggol Central, #01-02, S820301"
510,MY FAMILY CLINIC (RIVERVALE),"11 Rivervale Crescent, #02-11A, Rivervale Mall, S545082"
511,MY FAMILY CLINIC (SEGAR),"485 Segar Road, #01-508, S670485"
512,MY FAMILY CLINIC (SENJA),"628 Senja Road, #01-04, S670628"
513,MY FAMILY CLINIC (ST GEORGE),"2 St. George'S Road, S328023"
514,MY FAMILY CLINIC (TANGLIN HALT),"46-2 Commonwealth Drive, #01-372, S140462"
515,MY FAMILY CLINIC (TOA PAYOH CENTRAL),"79D Toa Payoh Central, #01-53, S314079"
516,MY FAMILY CLINIC (WOODLANDS GLEN),"573 Woodlands Drive 16, #01-09, S730573"
517,MY FAMILY CLINIC (WOODLANDS),"768 Woodlands Ave 6, #02-07, Woodlands Mart, S730768"
518,MYDOCTOR@ADMIRALTY PTE LTD,"693 Woodlands Avenue 6, #01-03, S730693"
519,MYHEALTH MEDICAL CENTRE,"501 West Coast Drive, #01-256, S120501"
520,NATIONAL CLINIC,"352 Clementi Ave 2, #01-119, S120352"
521,NCS MEDICAL CLINIC,"5 Ang Mo Kio Street 62, Blk A, #01-10, Ncs Hub, S569141"
522,NEECARE MEDICAL CENTRE,"371 Bukit Batok Street 31, #01-320, S650371"
523,NEIGHBOURHOOD MEDICAL CLINIC,"683 Hougang Ave 8, #01-901, S530683"
524,NEO CLINIC & SURGERY,"257 Bangkit Road, #01-45, S670257"
525,NEO MEDICAL CENTRE,"120 Potong Pasir Ave 1, #01-818, S350120"
526,NEOH & ONG MEDICAL CLINIC,"2A Eunos Crescent, #01-2447, S401002"
527,NEPTUNE HEALTHCARE MEDICAL & SURGERY,"328 Tampines Street 32, #01-362, S520328"
528,NEW HEALTH FAMILY CLINIC PTE LTD,"108 Depot Road, #01-08, S100108"
529,NEW TOWN CLINIC PTE LTD,"59 New Upper Changi Road, #01-1224, S461059"
530,NEWCASTLE CLINIC,"541 Orchard Road, #18-02A, Liat Towers, S238881"
531,NEWEST MEDICAL AND LASER CLINIC PTE LTD,"1 West Coast Drive, #01-49/50, Newest, S128020"
532,NEWLIFE FAMILY CLINIC & SURGERY,"61 Teban Gardens Road, #01-20, S600061"
533,NORTHEAST MEDICAL GROUP,"22 Malacca Street, #13-03, Rb Capital Building, S048980"
534,NORTHEAST MEDICAL GROUP,"25 Ghim Moh Link, #01-10, S270025"
535,NORTHEAST MEDICAL GROUP,"531 Bedok North St 3, #01-692, S460531"
536,NORTHEAST MEDICAL GROUP,"20 Tampines Central 1, #01-25, Tampines Mrt Station, S529538"
537,NORTHEAST MEDICAL GROUP,"30 Simei Street 3, #02-01, Simei Mrt Station, S529888"
538,NORTHEAST MEDICAL GROUP,"5 Sengkang Square, #01-05, S545062"
539,NORTHEAST MEDICAL GROUP,"2450 Ang Mo Kio Avenue 8, #01-02, Ang Mo Kio Mrt Station, S569811"
540,NORTHEAST MEDICAL GROUP,"10 Bukit Batok Central, #01-01, Bukit Batok Mrt Station, S659958"
541,NORTHEAST MEDICAL GROUP,"39 Jalan Tiga, #01-01, S390039"
542,NORTHLAND FAMILY CLINIC & SURGERY,"640 Yishun St 61, #01-198, S760640"
543,NORWOOD MEDICAL CLINIC,"785E Woodlands Rise, #01-02, S735785"
544,NOVENA MEDICAL CENTER FAMILY CLINIC,"10 Sinaran Drive, #11-19, Square 2, S307506"
545,NUHEALTH MEDICAL CENTRE,"1 Woodlands Road, #01-23, Junction 10, S677899"
546,NYAM FAMILY CLINIC,"296 Bedok Road, Bedok Shopping Complex, S469452"
547,OASIS FAMILY CLINIC,"56 New Upper Changi Road, #01-1322, S461056"
548,OC MEDICAL RAFFLES PLACE,"1 Raffles Place, #05-15/16, S048616"
549,OEI & KHO CLINIC AND SURGERY,"18 Lorong 7 Toa Payoh, #01-250, S310018"
550,OGL MEDICAL CENTERS,"10 Sinaran Drive, #10-31, Square 2, S307506"
551,ONE MEDICAL CLINIC,"728 Jurong West Avenue 5, #01-K1, S640728"
552,ONECARE CLINIC ALJUNIED MRT,"81 Lorong 25 Geylang, #01-03, Aljunied Mrt Station, S388310"
553,ONECARE CLINIC BEDOK MRT,"315 New Upper Changi Road, #01-01, Bedok Mrt Station, S467347"
554,ONECARE CLINIC BOON LAY,"221 Boon Lay Place, #01-152, Boon Lay Shopping Centre, S640221"
555,ONECARE CLINIC BUKIT BATOK,"630 Bukit Batok Central, #01-148, S650630"
556,ONECARE CLINIC BUKIT GOMBAK MRT,"802 Bukit Batok West Avenue 5, #01-16, S659083"
557,ONECARE CLINIC BUKIT PANJANG,"547 Segar Road, #01-05, Multi Storey Car Park, S670547"
558,ONECARE CLINIC CANBERRA,"105 Canberra Street, #01-09, S750105"
559,ONECARE CLINIC CHOA CHU KANG,"810 Choa Chu Kang Avenue 7, #01-09, Multi Storey Car Park, S680810"
560,ONECARE CLINIC CLEMENTI,"449 Clementi Avenue 3, #01-241, S120449"
561,ONECARE CLINIC FERNVALE,"417 Fernvale Link, #01-10, S790417"
562,ONECARE CLINIC HOUGANG,"104 Hougang Avenue 1, #01-1125, S530104"
563,ONECARE CLINIC HOUGANG AVE 8,"681 Hougang Avenue 8, #01-835, S530681"
564,ONECARE CLINIC LOYANG,"258 Pasir Ris Street 21, #02-14, Loyang Point, S510258"
565,ONECARE CLINIC MARINE PARADE,"81 Marine Parade Central, #01-644, S440081"
566,ONECARE CLINIC PUNGGOL PLAZA,"168 Punggol Feild, #01-09, S820168"
567,ONECARE CLINIC TAMPINES,"827 Tampines Street 81, #01-142, S520827"
568,ONECARE CLINIC TAMPINES MRT,"20 Tampines Central 1, #01-27, S529538"
569,ONECARE CLINIC TIONG BAHRU,"11A Boon Tiong Road, #01-08, S161011"
570,ONECARE CLINIC WOODLANDS,"04 Woodlands Street 12, #02-57, S738623"
571,ONECARE CLINIC YISHUN,"431 Yishun Avenue 1, #01-04, Multi Storey Car Park, S760431"
572,ONEDOCTORS FAMILY CLINIC,"253 Holland Avenue, #02-01, Holland Village, S278982"
573,ONEDOCTORS FAMILY CLINIC,"710 Ang Mo Kio Avenue 8, #01-2613, S560710"
574,ONEDOCTORS FAMILY CLINIC,"846 Yishun Ring Road, #01-3611, Yishun New Town, S760846"
575,ONEDOCTORS FAMILY CLINIC,"83 Punggol Central, #02-17, Waterway Point, S828761"
576,ONEDOCTORS MEDICAL CENTRE,"23 Serangoon Central, #01-54/55, Nex, S556083"
577,ONG CLINIC & SURGERY (YISHUN),"293 Yishun Street 22, #01-223, S760293"
578,ONG CLINIC & SURGERY PTE LTD,"265 Bukit Batok East Ave 4, #01-387, S650265"
579,ONG MEDICAL CLINIC,"316B Ang Mo Kio St 31, #01-10, S563316"
580,ONG'S CLINIC,"175 Bencoolen St, #01-44, Burlington Square, S189649"
581,ORCHARD GROUP CLINIC,"545 Orchard Rd, #12-04/04A, Far East Shopping Centre, S238882"
582,OUR FAMILY CLINIC & SURGERY PTE LTD,"8 Jln Batu, #01-15, S431008"
583,OUR FAMILY PHYSICIAN CLINIC & SURGERY,"829 Tampines St 81, #01-292, S520829"
584,P TAN FAMILY MEDICINE CLINIC,"503 Bishan Street 11, #01-464, S570503"
585,P.K. ANG FAMILY CLINIC & SURGERY,"106 Hougang Avenue 1, #01-1225, S530106"
586,PACIFIC FAMILY CLINIC,"75D Redhill Road, #01-116, S154075"
587,PACIFIC MEDICAL & DENTAL GROUP,"716 Yishun St 71, #01-270, S760716"
588,PANCARE MEDICAL CLINIC,"133 Ang Mo Kio Avenue 3, #01-1651, Kebun Baru Spring, S560133"
589,PANDAN CLINIC PTE LTD,"415 Pandan Gardens, #01-115, S600415"
590,PANHEALTH FAMILY CLINIC,"312B Sumang Link, #01-03, S822312"
591,PANHEALTH FAMILY CLINIC (HOUGANG),"932B Hougang Avenue 9, #01-02, Hougang Crimson, S532932"
592,PARKLANE MEDICAL CENTRE,"35 Selegie Road, #02-25A, Parklane Shopping Mall, S188307"
593,PARKWAY SHENTON MEDICAL GROUP,"50 Robinson Road, #01-03, Robinson Suites, S068882"
594,PARKWAY SHENTON MEDICAL GROUP,"451 Clementi Avenue 3, #01-309, S120451"
595,PARKWAY SHENTON MEDICAL GROUP,"10 Eunos Road 8, #02-122, Singapore Post Centre, S408600"
596,PARKWAY SHENTON MEDICAL GROUP,"7 Changi Business Park Crescent, #01-00, Standard Chartered @ Changi, S486028"
597,PARKWAY SHENTON MEDICAL GROUP,"205 Hougang Street 21, #03-20, Heartland Mall - Kovan, S530205"
598,PARKWAY SHENTON MEDICAL GROUP,"1 Jelebu Road, #03-02, Bukit Panjang Plaza, S677743"
599,PARKWAY SHENTON MEDICAL GROUP,"681 Punggol Drive, #01-01, S820681"
600,PARKWAYHEALTH PRIMARY CARE NETWORK,"11 Collyer Quay, #18-01/02, The Arcade, S49317"
601,PASIR RIS CLINIC & SURGERY PTE LTD,"442 Pasir Ris Dr 6, #01-28, S510442"
602,PEACE FAMILY CLINIC,"371 Woodlands Ave 1, #01-821, S730371"
603,HEALTHWAY MEDICAL,"406 Sembawang Dr, #01-820, S750406"
604,PEACE FAMILY CLINIC (WL832),"832 Woodlands Street 83, #01-71, S730832"
605,PHOENIX CLINIC & SURGERY,"150 Jalan Teck Whye, #01-43, S680150"
606,PHOENIX MEDICAL GROUP,"1 Seletar Road, #02-11, Greenwich V, S807011"
607,PHOENIX MEDICAL GROUP ( CACTUS ),"7 Ang Mo Kio Street 66, #01-17, Floravista, S567708"
608,PHOENIX MEDICAL GROUP (HILLVIEW),"4 Hillview Rise, #02-20, Hillv2, S667979"
609,PHOENIX MEDICAL GROUP (PAYA LEBAR),"60 Paya Lebar Road, #02-09, Paya Lebar Square, S409051"
610,PHOON CLINIC AND SURGERY,"632 Bedok Reservoir Rd, #01-828, S470632"
611,PHYSICIANS PRACTICE FAMILY MEDICAL CENTER,"101 Thomson Road, #01-17, United Square, S307591"
612,PIDEMCO MEDICAL CENTRE PTE LTD,"156 Yishun St 11, #01-112, S760156"
613,PIER MEDICAL CENTRE,"725 Jurong West Ave 5, #B1-164, S640725"
614,PINETREE MEDICAL CLINIC,"86 Bedok North Street 4, #01-175, S460086"
615,PINNACLE FAMILY CLINIC (BUANGKOK SQUARE),"991 Buangkok Link, #02-05, Buangkok Square, S530991"
616,PINNACLE FAMILY CLINIC (COMPASSVALE),"289C Compassvale Crescent, #01-04, S543289"
617,PINNACLE FAMILY CLINIC (RIVER VALLEY),"240 River Valley Road, S238297"
618,PINNACLE FAMILY CLINIC (SERANGOON NORTH),"518 Serangoon North Avenue 4, #B1-208, S550518"
619,PINNACLE FAMILY CLINIC (WOODLANDS),"573 Woodlands Drive 16, #01-06, S730573"
620,PJ CLINIC,"36 Beo Crescent, #01-49, S160036"
621,PLATINUM MEDICAL CENTRE @DORM,"28 Toh Guan Road East, #01-01, (Mezzanine Floor), S608596"
622,PLATINUM MEDICAL CENTRE PTE LTD,"504 Yishun Street 51, #01-02, Multi Storey Car Park, S760504"
623,PLATINUM MEDICAL CLINIC AND SURGERY PTE LTD,"513 Yishun Street 51, #01-03, Saraca Breeze @ Yishun, S760513"
624,PLUSHEALTH MEDICAL CLINIC & SURGERY,"89 Whampoa Drive, #01-841, S320089"
625,POTONG PASIR MEDICAL CLINIC,"148 Potong Pasir Avenue 1, #01-55, S350148"
626,POW FAMILY CLINIC & SURGERY,"620 Hougang Ave 8, #01-264, S530620"
627,PRAISE FAMILY CLINIC,"717 Tampines St 72, #01-75, S520717"
628,PREMIER CLINIC & SURGERY PTE LTD,"631 Ang Mo Kio Ave 4, #01-936, S560631"
629,PRIMARY CARE ASIA,"290 Orchard Road, #15-11/12, The Paragon, S238859"
630,PRIME MEDICAL GROUP PTE LTD,"290 Orchard Road, #09-11/12, The Paragon, S238859"
631,PRINCETON FAMILY CLINIC PTE LTD.,"445 Fajar Rd, #01-546, Fajar Shopping Centre, S670445"
632,PRO-LIFE MEDICAL ASSOCIATES,"253 Choa Chu Kang Ave 1, #01-20, S680253"
633,PROCROSS MEDICAL CENTRE,"449 Hougang Avenue 10, #B1-509, S530449"
634,PROCROSS MEDICAL CLINIC,"689A Woodlands Drive 75, #01-86, S731689"
635,PROHEALTH 24-HOUR MEDICAL CLINIC,"259 Bukit Panjang Ring Road, #01-18, S671259"
636,PROHEALTH MEDICAL GROUP @ BUANGKOK PTE LTD,"275D Compassvale Link, #01-01(UNIT 12), S544275"
637,PROHEALTH MEDICAL GROUP @ HOUGANG PTE LTD,"476D Upper Serangoon View, #02-04, S537476"
638,PROHEALTH MEDICAL GROUP @ PUNGGOL DAMAI PTE LTD,"612 Punggol Drive, #01-05, Multi Storey Car Park, S820612"
639,PROHEALTH MEDICAL GROUP @FERNVALE PTE LTD,"33 Sengkang West Avenue, #B1-18, The Seletar Mall, S797653"
640,PROHEALTH MEDICAL GROUP @LRT FERNVALE PTE LTD,"437 Fernvale Road, #01-04, Multi Storey Car Park, S790437"
641,PROHEALTH MEDICAL GROUP @PUNGGOL SPECTRA PTE. LTD.,"622D Punggol Central, #01-02, S824622"
642,PROHEALTH MEDICAL GROUP @TAMAN JURONG PTE LTD,"399 Yung Sheng Road, #01-56, Taman Jurong Shopping Centre, S610399"
643,PROVIDENCE CLINIC @ HILLFORD,"182 Jalan Jurong Kechil, #01-65, S596152"
644,PRUDENCE FAMILY CLINIC,"512 Bishan Street 13, #01-524, S570512"
645,PUBLIC MEDICAL CLINIC & SURGERY,"664 Yishun Ave 4, #01-275, S760664"
646,PULSE CLINIC PTE LTD,"38 Beo Crescent, #01-32, The Beo Crescent, S160038"
647,PUNGGOL FAMILY CLINIC PTE. LTD.,"322 Sumang Walk, #01-03, Multi Storey Car Park, S820322"
648,PUNGGOL RIPPLES FAMILY CLINIC,"211D Punggol Walk, #01-667, S824211"
649,Q & M MEDICAL & AESTHETIC CLINIC (FARRER PARK),"180 Kitchener Road, #B1-13/14, City Square Mall, S208539"
650,Q & M MEDICAL & AESTHETIC CLINIC (TAMPINES CENTRAL) PTE. LTD.,"10 Tampines Central 1, #04-18/19, Tampines One, S529536"
651,Q & M MEDICAL CLINIC (BUKIT BATOK),"151 Bukit Batok Street 11, #01-252, S650151"
652,Q & M MEDICAL FAMILY CLINIC,"261 Serangoon Central Drive, #01-29. S550261"
653,Q & M MUTUAL HEALTHCARE MEDICAL CLINIC,"70 Punggol Central, #01-07, Punggol Mrt Station, S828868"
654,RAFFLESMEDICAL,"8 Marina View, #15-01, Asia Square Tower 1, S018960"
655,RAFFLESMEDICAL,"12 Marina Boulevard, #17-05, Marina Bay Financial Centre Tower 3, S018982"
656,RAFFLESMEDICAL,"6 Raffles Boulevard, #01-212, Marina Square, S039594"
657,RAFFLESMEDICAL,"50 Raffles Place, #01-02A, Singapore Land Tower, S048623"
658,RAFFLESMEDICAL,"80 Robinson Road, #01-00, S068898"
659,RAFFLESMEDICAL,"168 Robinson Road, #02-02, Capital Tower, S068912"
660,RAFFLESMEDICAL,"51 Anson Road, #01-51, Anson Centre, S079904"
661,RAFFLESMEDICAL,"1 Maritime Square, #03-56, Harbourfront Centre, S099253"
662,RAFFLESMEDICAL,"1207 Dover Road, United World College, S139654"
663,RAFFLESMEDICAL,"370 Alexandra Road, #B1-41, Anchorpoint, S159953"
664,RAFFLESMEDICAL,"1 Scotts Road, #04-09 to 14, Shaw Centre, S228208"
665,RAFFLESMEDICAL,"391B Orchard Rd, #08-06, Ngee Ann City Tower B, S238874"
666,RAFFLESMEDICAL,"10E Sixth Avenue, #01-03, S276474"
667,RAFFLESMEDICAL,"118 Holland Avenue, #05-02/03/04, Raffles Holland V, S278997"
668,RAFFLESMEDICAL,"203 Bedok North Street 1, #01-467, S460203"
669,RAFFLESMEDICAL,"1 Changi Business Park Crescent, #01-11, Plaza 8, S486025"
670,RAFFLESMEDICAL,"5 Changi Business Park Central 1, #B1-55/56, Changi City Point, S486038"
671,RAFFLESMEDICAL,"259 Pasir Ris Street 21, #02-33, Loyang Point, S510259"
672,RAFFLESMEDICAL,"1 Tampines Street 73, S528704"
673,RAFFLESMEDICAL,"3 Simei Street 6, #02-27, Eastpoint Mall, S528833"
674,RAFFLESMEDICAL,"809 Hougang Central, #01-180, S530809"
675,RAFFLESMEDICAL,"722 Ang Mo Kio Ave 8, #01-2825, S560722"
676,RAFFLESMEDICAL,"131 Jurong Gateway Road, #01-267, S600131"
677,RAFFLESMEDICAL,"17 Petir Road, #02-07/08, Hillion Mall, S678278"
678,RAFFLESMEDICAL,"21 Choa Chu Kang Ave 4, #B1-07A, Lot 1 Shoppers' Mall, S689812"
679,RAFFLESMEDICAL,"1 Woodlands Square, #05-20, Causeway Point, S738099"
680,RAFFLESMEDICAL,"355 Sembawang Way, #01-06/07, S750355"
681,RAFFLESMEDICAL,"930 Yishun Avenue 2, #03-35, Northpoint City (North Wing), S769098"
682,RAFFLESMEDICAL,"20 Airport Boulevard, Sats Inflight Catering Centre 1, S819659"
683,RAFFLESMEDICAL,"10 Airport Boulevard, #01-01, Arrival Hall, Passenger Terminal Building 4, S819665"
684,RAFFLESMEDICAL,"Singapore Changi Interneational, #02-10, Passenger Terminal Building 1, S819642"
685,RAFFLESMEDICAL,"1 Jurong West Central 2, #B1A-19D, Jurong Point Shopping Centre, S648886"
686,RAFFLESMEDICAL,"252 North Bridge Road, #02-17, Raffles City Shopping Centre, S179103"
687,RAFFLESMEDICAL,"177 Toa Payoh Central, #01-170, S310177"
688,RAFFLESMEDICAL,"55 Siglap Road, #02-11/12, Siglap Centre, S455871"
689,RAFFLESMEDICAL,"1 Pasir Ris Central Street 3, #04-19, White Sands, S518457"
690,RAFFLESMEDICAL,"10 Tampines Central 1, #03-28, Tampines One, S529536"
691,RAFFLESMEDICAL,"1 Sengkang Square, #04-09, Compass One, S545078"
692,RAFFLESMEDICAL,"11 Rivervale Crescent, #02-17, Rivervale Mall, S545082"
693,RAFFLESMEDICAL,"23 Serangoon Central, #B2-01, Nex, S556083"
694,RAFFLESMEDICAL,"283 Bishan Street 22, #01-177, S570283"
695,RAFFLESMEDICAL,"446 Clementi Avenue 3, #01-189, S120446"
696,RAFFLESMEDICAL,"21 Choa Chu Kang North 6, #01-02, Yewtee Point, S689578"
697,RAFFLESMEDICAL,"60 Airport Boulevard, #26-53, Passenger Terminal Building 2, S819643"
698,RAFFLESMEDICAL,"60 Airport Boulevard, #B16-25, Changi Airport Terminal 2, S819643"
699,RAFFLESMEDICAL,"65 Airport Boulevard, #B2-01, Passenger Terminal Bulding 3, S819663"
700,RAFFLESMEDICAL,"65 Airport Boulevard Departure Hall, #02-67, Singapore Changi Airport Terminal 3, S819663"
701,RAFFLESMEDICAL,"83 Punggol Central, #02-29, Waterway Point, S828761"
702,RC'S FAMILY CLINIC PTE LTD,"635C Senja Road, #01-03, Senja Gateway, S673635"
703,RCMC RIVERVALE CRESCENT MEDICAL CENTRE,"182A Rivervale Crescent, #01-04, S541182"
704,RED DOT MEDICAL,"660A Edgedale Plains, #02-06, Waterway Sundew, S821660"
705,REDWOOD CLINIC AND SURGERY PTE LTD,"920 Tiong Bahru Road, #01-07, Redhill Mrt Station, S158792"
706,RIVERVALE FAMILY CLINIC & SURGERY,"118 Rivervale Drive, #01-02, Rivervale Plaza, S540118"
707,ROCHOR CENTRE CLINIC,"175 Bencoolen Street, #01-20, Burlington Square, S189649"
708,ROYAL CARE MEDICAL FAMILY CLINIC CHOA CHU KANG,"818 Choa Chu Kang Ave 1, #01-13, S680818"
709,ROYAL CARE MEDICAL YISHUN GROVE,"675 Yishun Avenue 4, #01-07, S760675"
710,ROYAL CARE MEDICAL YISHUN JUNCTION 9,"317 Yishun Ave 9, #01-03, S760317"
711,ROYAL MEDICAL CENTRE,"111 Woodlands St 13, #01-84, S730111"
712,RUBY MEDICAL CENTRE PTE LTD,"505 Tampines Central 1, #01-339, S520505"
713,S & L FAMILY CLINIC,"729 Yishun St 71, #01-105, S760729"
714,S AND L FAMILY CLINIC,"235 Yishun St 21, #01-446, S760235"
715,S G CLINIC FAMILY PRACTICE,"84 Serangoon Garden Way, S555980"
716,S LEE CLINIC,"644 Hougang Ave 8, #01-265, S530644"
717,S S TAN MEDICAL CLINIC,"744 Yishun St 72, #01-195, S760744"
718,SASCO CLINIC,"8 Changi North Way, St Aerospace Services Company Pte Ltd, S499611"
719,SATA COMMHEALTH COMMUNITY HUB,"447B Jalan Kayu, #01-01, Fernvale Lodge, S792447"
720,SATA COMMHEALTH MEDICAL CENTRE,"1 Siang Kuang Avenue, Sennett Estate, S347919"
721,SATA COMMHEALTH MEDICAL CENTRE,"351 Chai Chee Street, S468982"
722,SATA COMMHEALTH MEDICAL CENTRE,"5 Tampines Central 6, #01-01A, Telepark, S529482"
723,SATA COMMHEALTH MEDICAL CENTRE,"715 Ang Mo Kio Avenue 6, #01-4008 & 4010, S560715"
724,SATA COMMHEALTH MEDICAL CENTRE,"135 Jurong Gateway Road, #04-345, S600135"
725,SATA COMMHEALTH MEDICAL CENTRE,"500 Corporation Road, #01-01, Nkf Integrated Renal Centre, S649808"
726,SATA COMMHEALTH MEDICAL CENTRE,"900 South Woodlands Dr, #04-01, Woodlands Civic Centre, S730900"
727,SAUDARA CLINIC BY A+J GENERAL PHYSICIANS,"228 Changi Road, #01-01, Icon@Changi, S419741"
728,SEMBAWANG MART MEDICAL CENTRE,"511 Canberra Road, #02-02A, Sembawang Mart, S750511"
729,SENGKANG FAMILY CLINIC,"274D Compassvale Bow, #01-01, S544274"
730,SENNETT MEDICAL CLINIC,"55 Siglap Road, ##B1-10, Siglap Centre, S455871"
731,SHALOM MEDICAL GROUP,"231 Bain Street, #03-57, Bras Basah Complex, S180231"
732,SHENTON CLINIC,"498 Jurong West St 41, #01-464, S640498"
733,SHENTON FAMILY MEDICAL CLINIC,"1 Cantonment Road, #01-02, Pinnacle@Duxton, S080001"
734,SHENTON FAMILY MEDICAL CLINIC,"102 Towner Road, #01-268 (Lower Floor), Townerville, S322102"
735,SHENTON FAMILY MEDICAL CLINIC,"728 Ang Mo Kio Avenue 6, #01-4208, S560728"
736,SHENTON FAMILY MEDICAL CLINIC (BEDOK RESERVOIR),"744 Bedok Reservoir Road, #01-3065, S470744"
737,SHENTON FAMILY MEDICAL CLINIC (TAMPINES),"201D Tampines Street 21, #01-1137, S524201"
738,SHENTON FAMILY MEDICAL CLINIC (YISHUN),"160 Yishun Street 11, #01-200, S760160"
739,SHENTON MEDICAL GROUP,"8A Marina Boulevard, #B2-76, Marina Bay Link Mall, S018984"
740,SHENTON MEDICAL GROUP,"1 Raffles Quay, #09-02, One Raffles Quay North Tower, S048583"
741,SHENTON MEDICAL GROUP,"10 Anson Rd, #36-01, International Plaza, S079903"
742,SHENTON MEDICAL GROUP,"26 Sentosa Gateway, #B2-01, S098138"
743,SHENTON MEDICAL GROUP,"90 Bras Basah Road, #B1-02, Esplanade Mrt Station, S189562"
744,SHENTON MEDICAL GROUP,"333 Orchard Road, #06-01, Mandarin Orchard Singapore, S238867"
745,SHENTON MEDICAL GROUP,"1000 Toa Payoh North, #07-00, Annexe Block, S318994"
746,SHENTON MEDICAL GROUP,"168 Kallang Way Level 1, S349253"
747,SHENTON MEDICAL GROUP,"2 Changi Business Park Avenue 1, #01-03, Ue Bizhub East, S486015"
748,SHENTON MEDICAL GROUP,"10 Sengkang Central, #01-04, Buangkok Nel Mrt Station, S545061"
749,SHENTON MEDICAL GROUP,"263 Serangoon Central Drive, #01-59, S550263"
750,SHENTON MEDICAL GROUP,"2 Jurong Port Road, S619088"
751,SHENTON MEDICAL GROUP,"30 Woodlands Avenue 2, #01-47/48/49, Woodlands Mrt Station, S738343"
752,SHENTON MEDICAL GROUP,"11 Collyer Quay, #19-01, The Arcade, S49317"
753,SHENTON MEDICAL GROUP,"1 Harbourfront Place, #01-04, Harbourfront Tower One, S98633"
754,SHENTON MEDICAL GROUP,"126 Lorong 1 Toa Payoh, #01-561, Toa Payoh Heights, S310126"
755,SHENTON MEDICAL GROUP,"625 Elias Road, #01-324B, Elias Mall, S510625"
756,SHENTON MEDICAL GROUP,"1 Jurong West Central 2, #01-17E/F/G/H, Jurong Point Shopping Centre, S648886"
757,SHENTON WELLNESS CENTRE,"460 Alexandra Road, #02-15, Psa Building (Alexandra Retail Centre), S119963"
758,SHIFA CLINIC & SURGERY,"668 Chander Rd, #01-18/20, S210668"
759,SHIFA CLINIC (JURONG),"501 Jurong West Street 51, #01-277, S640501"
760,SHINE FAMILY CLINIC,"463 Jurong West Street 41, #01-560, S640463"
761,SIGLAP CLINIC PTE LTD,"308 Telok Kurau Road, #01-08, Vibes @ East Coast, S423858"
762,SILVER CROSS CLINIC (MARSILING),"305 Woodlands Street 31, #01-75, S730305"
763,SILVER CROSS FAMILY CLINIC,"3 Cheong Chin Nam Road, S599728"
764,SILVER CROSS FAMILY CLINIC,"846 Yishun Ring Road, #01-3661, S760846"
765,SILVER CROSS MEDICAL,"275A Holland Avenue, S278993"
766,SILVER CROSS MEDICAL,"502 Jurong West Ave 1, #01-803, S640502"
767,SIMEI CLINIC & SURGERY,"248 Simei St 3, #01-132, S520248"
768,SIMEI MEDICAL CENTRE,"248 Simei St 3, #01-104, S520248"
769,SIMON ROAD FAMILY CLINIC,"9 Simon Road, S545895"
770,SIMS DRIVE MEDICAL CLINIC,"53 Sims Place, #01-174, S380053"
771,SINCERE MEDICAL & DENTAL CLINIC,"292 Yishun St 22, #01-285, S760292"
772,SINGAPORE TECHNOLOGIES AEROSPACE MEDICAL CENTRE,"540 Airport Rd, Paya Lebar, S539938"
773,SINGAPORE TECHNOLOGIES ELECTRONICS LIMITED (IN-HOUSE MEDICAL CLINIC),"24 Ang Mo Kio St 65, S569061"
774,SINGAPORE TELECOM CLINIC,"31 Exeter Road, B2 Comcentre, S239732"
775,SINGAPURA CLINIC,"27 Bencoolen St, #01-27, Bencoolen House, S189620"
776,SM HANEEFA CLINIC,"11 Chai Chee Road, #01-23, S460011"
777,SOONG CLINIC AND SURGERY,"162 Mei Ling St, #01-353, S140162"
778,SP CLINIC,"117 Pending Rd, #01-224, S670117"
779,SPRING MEDICAL CLINIC (OLD AIRPORT ROAD),"39 Jalan Tiga, #01-03, S390039"
780,ST AEROSPACE ENGINEERING MEDICAL CENTRE,"600 West Camp Road, S797654"
781,ST ANDREW'S MISSION HOSPITAL CLINIC (SIMEI),"8 Semei Street 3, S529895"
782,ST GEORGES CLINIC AND SURGERY PTE LTD,"3 St George'S Rd, #01-105, S320003"
783,ST KINETICS IN-HOUSE CLINIC,"249 Jalan Boon Lay, S619523"
784,STANDARD CLINIC & SURGERY,"261 Punggol Way, #01-05, S820261"
785,STAT MEDICAL CLINIC @ HOUGANG,"311 Hougang Avenue 5, #01-183, S530311"
786,STERLING CLINIC & SURGERY,"3 Lor Lew Lian, #01-64, S531003"
787,STERLING FAMILY CLINIC,"84 Bedok North St 4, #01-41, S460084"
788,STEWARD CLINIC,"4A Loyang Lane, #01-01, S508923"
789,STREET 11 CLINIC,"139 Tampines St 11, #01-18, S521139"
790,STREET 21 CLINIC TAMPINES PTE. LTD.,"201B Tampines St 21, #02-1097, S522201"
791,SUMMIT MEDICAL CLINIC,"632 Ang Mo Kio Ave 4, #01-956, S560632"
792,SUNBEAM MEDICAL CLINIC,"318B Anchorvale Link, #01-257, Anchorvale Gardens, S542318"
793,SUNBEAM MEDICAL CLINIC,"443C Fajar Road, #01-76, S673443"
794,SUNSHINE CLINIC FAMILY PRACTICE & SURGERY,"445 Tampines Street 42, #01-02, S520445"
795,T MEDICAL CLINIC,"115 Canberra Walk, #01-05, S750115"
796,T MEDICAL CLINIC (KALLANG),"5 Upper Boon Keng Road, #01-14, Kallang Heights, S380005"
797,T S WONG CLINIC & SURGERY,"166 Woodlands St 13, #02-523, S730166"
798,TAI SENG CLINIC,"11 Irving Place, #01-09/10, S369551"
799,TAMPINES CLINIC AND SURGERY PTE LTD,"139 Tampines St 11, #01-10, S521139"
800,TAMPINES FAMILY MEDICINE CLINIC,"1 Tampines Walk, #03-34, Our Tampines Hub, S528523"
801,TAMPINES MEDILIFE CLINIC,"801 Tampines Ave 4, #01-263, S520801"
802,TAN & KOH CLINIC & SURGERY,"121 Bedok Reservoir Rd, #01-196, S470121"
803,TAN & YIK CLINIC & SURGERY,"116 Bishan Street 12, #01-36, S570116"
804,TAN MEDICARE CLINIC PTE LTD,"629 Ang Mo Kio Ave 4, #01-986, S560629"
805,TAN'S T&T CLINIC AND SURGERY,"152 Bishan Street 11, #01-213, S570152"
806,TAN-TEOH CLINIC & SURGERY,"101 Towner Rd, #01-216, S322101"
807,TAN-TEOH CLINIC & SURGERY,"101 Towner Road, #01-212, S322101"
808,TAN-TEOH CLINIC & SURGERY (ANG MO KIO BRANCH),"302 Ang Mo Kio Ave 3, #01-1846, S560302"
809,TAYKA MEDICAL,"29A Desker Road, S209562"
810,TAYKA MEDICAL FAMILY CLINIC,"526 Jurong West Street 52, #01-323, S640526"
811,TC FAMILY CLINIC PTE LTD,"526 Jurong West St 52, #01-325, S640526"
812,TEBAN GARDEN CLINIC,"61 Teban Gardens Rd, #01-01, Teban Place, S600061"
813,TEK DISPENSARY,"4 Toa Payoh Lor 7, #01-115, S310004"
814,TEMASEK CLINIC & SURGERY,"73 Bedok South Avenue 3, #01-460, S460073"
815,TEMASEK MEDICAL CENTRE,"413 Bukit Batok West Ave 4, #01-214, S650413"
816,TEMASEK MEDICAL CENTRE,"624 Choa Chu Kang St 62, #01-226, S680624"
817,TEMASEK MEDICAL CENTRE,"883 Woodlands St 82, #02-466, S730883"
818,TEMASEK MEDICAL CENTRE,"406 Sembawang Drive, #01-824, S750406"
819,TEMASEK MEDICAL CLINIC,"212 Toa Payoh Lor 8, #01-41, S310212"
820,TEMASEK MEDICAL CLINIC,"86 Bedok North St 4, #01-177, S460086"
821,TENG CLINIC,"171 Stirling Road, #01-1101, S140171"
822,TEO CLINIC & SURGERY PTE LTD,"352 Clementi Ave 2, #01-111, S120352"
823,TEXTILE CENTRE CLINIC,"200 Jln Sultan, #03-32, Textile Centre, S199018"
824,TH CHIA MEDICAL PRACTICE,"151 Serangoon North Avenue 2, #01-19, S550151"
825,THAI SHEN FAMILY CLINIC PTE LTD,"84 Bedok North St 4, #01-65, S460084"
826,THE BALMORAL CLINIC,"5 Stadium Walk, #02-21, Leisure Park Kallang, S397693"
827,THE BALMORAL CLINIC FAMILY MEDICINE,"271 Bukit Timah Rd, #02-12, Balmoral Plaza, S259708"
828,THE CHELSEA CLINIC (ROCHESTER),"35 Rochester Drive, #03-21, The Rochester, S138639"
829,THE CLINIC @ APERIA,"12 Kallang Avenue, #03-15, Aperia, S339511"
830,THE CLINIC @ BUSINESS CITY,"20 Pasir Panjang Road, #02-26, Mapletree Business City, S117439"
831,THE CLINIC @ CAMPUS,"70 Stamford Road, #B1-21, Li Ka Shing Library Building, S178901"
832,THE CLINIC @ CAPITAGREEN,"138 Market Street, #02-01A, Capitagreen, S048946"
833,THE CLINIC @ ONE GEORGE STREET,"1 George Street, #05-05, (Lobby C), S049145"
834,THE CLINIC @ TAI SENG,"18 Tai Seng Street, #01-07/08, Mapletree 18, S539775"
835,THE CLINIC GROUP @ MARINA ONE,"5 Straits View, #01-07, Marina One The Heart, S018935"
836,THE CLINIC@FUSIONOPOLIS,"1 Fusionopolis Place, #01-05, Galaxis, S138522"
837,THE CLINIQ,"590A Montreal Link, #01-23, S751590"
838,THE CORONATION CLINIC,"587 Bukit Timah Road, #02-01, S269707"
839,THE DUBLIN CLINIC,"109 Clementi Street 11, #01-25, S120109"
840,THE EDINBURGH CLINIC,"306 Choa Chu Kang Ave 4, #01-685, S680306"
841,THE FAMILY MEDICAL CENTRE (YISHUN) PTE. LTD.,"411 Yishun Ring Road, #01-1827, S760411"
842,THE FAMILY PHYSICIAN CLINIC,"542B Serangoon North Avenue 3, #01-02, S552542"
843,THE FAMILY PRACTICE CLINIC & SURGERY,"117 Commonwealth Dr, #01-723, S140117"
844,THE FAMILY PRACTICE-POTONG PASIR,"148 Potong Pasir Ave 1, #01-33, S350148"
845,THE FAMILY PRACTICE@ SKYVILLE,"85 Dawson Road, #01-06, S141085"
846,THE ICLINIC,"18 Jalan Membina, #02-08, S164018"
847,THE MEDICAL CLINIC PTE LTD,"63 Chulia Stret, #01-02, S049514"
848,THE OLIVE TREE FAMILY CLINIC & SURGERY PTE. LTD.,"303 Anchorvale Link, #01-02, S540303"
849,THE TENTERAM CLINIC,"116B Jalan Tenteram, #01-549, Tenteram Peak, S322116"
850,THOMAS CLINIC & SURGERY,"61 Telok Blangah Heights, #01-97, S100061"
851,TIONG BAHRU MEDICAL CENTRE,"10 Kim Tian Road, Kai Fook Mansion, S169248"
852,TNG FAMILY CLINIC,"347 Ang Mo Kio Ave 3, #01-2126, S560347"
853,TONG CLINIC & SURGERY,"316B Ang Mo Kio Street 31, #01-05, Multi Storey Car Park, S563316"
854,TOWN CLINIC,"287 Beach Road, #01-00, S199551"
855,TP SIM FAMILY CLINIC & SURGERY,"509 Bishan Street 11, #01-378, S570509"
856,TPC MEDICAL CLINIC,"7 Wallich Street, #B1-15, Tanjong Pagar Centre, S078884"
857,TRINITY MEDICAL & AESTHETIC CLINIC,"151 Simei Street 1, #01-33, S520151"
858,TRINITY MEDICAL CLINIC,"19A Dover Crescent, #01-01, S131019"
859,TRINITY MEDICAL CLINIC,"130 Jurong Gateway Road, #02-205/207, S600130"
860,TRUCARE MEDICAL AND SURGERY,"1187 Upper Serangoon Road, #01-53, The Midtown, S533971"
861,TRUCARE MEDICAL AND SURGERY,"226A Ang Mo Kio Avenue 1, #01-631, Kebun Baru Mall, S561226"
862,TRUE MEDICAL CLINIC PAYA LEBAR QUARTER,"10 Paya Lebar Road, #04-26, Paya Lebar Quarter, S409057"
863,TRUE MEDICAL CLINIC TAMPINES WEST,"824 Tampines Street 81, #01-26, S520824"
864,TRUECARE CLINIC,"88 Rangoon Road, #01-06, Rangoon 88, S218374"
865,TUAS SOUTH MEDICAL CENTRE,"6 Tuas South Street 15, #01-103, S636906"
866,TWIN CITY MEDICAL CENTRE,"1 Kim Seng Promenade, #01-136, Great World City, S237994"
867,TWIN CITY MEDICAL PRACTICE,"391B Orchard Road, #14-10, Ngee Ann City Tower B, S238874"
868,UNICARE FAMILY CLINIC & SURGERY,"216 Boon Lay Avenue, #01-03, Multi Storey Car Park, S640216"
869,UNIHEALTH 24-HR CLINIC (JURONG EAST),"135 Jurong Gateway Road, #01-317, S600135"
870,UNIHEALTH 24-HR CLINIC (TOA PAYOH),"178 Toa Payoh Central, #01-218, S310178"
871,UNIHEALTH CLINIC (BEDOK),"214 Bedok North Street 1, #01-171, S460214"
872,UNION MEDICAL CLINIC & SURGERY,"152 Serangoon North Ave 1, #01-330, S550152"
873,UNITED HEALTH FAMILY CLINIC & SURGERY,"627 Yishun Street 61, #01-63, S760627"
874,UNITED MEDICAL CLINIC,"25 Jln Berseh, #01-144, S200025"
875,UNITED MEDICAL PRACTITIONERS,"139 Tampines Street 11, #01-16, S521139"
876,UNITY FAMILY MEDICINE CLINIC,"264 Serangoon Central, #01-205, S550264"
877,UNIVERSAL MEDICAL CLINIC,"164 Bukit Batok St 11, #01-144, S650164"
878,UNIVERSAL MEDICAL CLINIC,"103 Yishun Ring Road, #01-99, S760103"
879,UNIVERSAL MEDICAL CLINIC,"235 Yishun St 21, #01-460, S760235"
880,USRAH MEDICAL CLINIC,"510 Bedok North St 3, #01-25, S460510"
881,VICTOR'S FAMILY CLINIC,"168 Toa Payoh Lorong 1, #01-1032, S310168"
882,VICTORIA MEDICAL HOUSE,"888 Woodlands Drive 50, #02-739, 888 Plaza, S730888"
883,VICTORY CLINIC AND SURGERY,"21 Ghim Moh Road, #01-205, S270021"
884,VISTA HEALTHSPRINGS MEDICAL & LASER CLINIC,"5 Sengkang Square, #02-01, Sengkang Mrt Station, S545062"
885,VISTA MEDICAL CENTRE,"3 South Buona Vista Road, #01-30/31, Viva Vista, S118136"
886,VITACARE FAMILY CLINIC (PUNGGOL CENTRAL),"622D Punggol Central, #01-05, S824622"
887,VITACARE FAMILY CLINIC @ CANBERRA PTE. LTD.,"361 Sembawang Crescent, #01-06, S750361"
888,VITACARE FAMILY CLINIC@PUNGGOL WEST PTE LTD,"218 Sumang Walk, #01-05, S820218"
889,VITACARE FAMILY CLINIC@SELETAR PTE.LTD.,"417 Fernvale Link, #01-03, S790417"
890,VITAL-CARE CLINIC AND SURGERY PTE LTD,"525 Ang Mo Kio Avenue 10, #01-2399, Cheng San Centre, S560525"
891,VIVA MEDICAL CLINIC,"450A Tampines Street 42, #01-356, S521450"
892,VIVA MEDICAL GROUP,"519A Tampines Central 8, #01-08, S521519"
893,VIVA MEDICAL GROUP (WESTSIDE),"154 West Coast Road, #01-81, West Coast Plaza, S127371"
894,W P SIM FAMILY CLINIC & SURGERY,"153 Serangoon North Ave 1, #01-548, S550153"
895,W. H. YAK FAMILY CLINIC,"25 New Upper Changi Rd, #01-644, S462025"
896,WAN MEDICAL CLINIC,"416 Bedok North Avenue 2, #01-21, S460416"
897,WEE HEALTHFIRST MEDICAL CLINIC,"378 Clementi Avenue 5, #01-342, S120378"
898,WEE'S CLINIC & SURGERY PTE. LTD.,"418 Bedok North Avenue 2, #01-79, S460418"
899,WEE'S FAMILY CLINIC & SURGERY,"88 Whampoa Dr, #01-865, S320088"
900,WELL FAMILY CLINIC & SURGERY,"555 Ang Mo Kio Avenue 10, #01-1948, S560555"
901,WELL MEDICAL CLINIC & SURGERY,"739 Pasir Ris Drive 10, #01-11, S510739"
902,WEN & WENG FAMILY CLINIC,"505 Canberra Link, #01-03, S750505"
903,WEST COAST CLINIC & SURGERY (CLEMENTI WEST) PTE LTD,"722 Clementi West St 2, #01-162, S120722"
904,WEST POINT SURGERY CENTRE,"235 Corporation Drive, S619771"
905,WHAMPOA CLINIC,"88 Whampoa Dr, #01-863, S320088"
906,WINSOME MEDICAL & DENTAL CENTER,"81 Whampoa Dr, #01-915, S320081"
907,WONG CLINIC,"539 Bedok North Street 3, #01-603, S460539"
908,WONG CLINIC & SURGERY,"153 Serangoon North Ave 1, #01-532, S550153"
909,WONG CLINIC AND SURGERY,"416 Ang Mo Kio Ave 10, #01-997, S560416"
910,WONG FAMILY CLINIC & SURGERY PTE LTD,"117 Bedok Reservoir Rd, #01-68, S470117"
911,WOODGROVE MEDICAL,"30 Woodlands Avenue 1, #02-03/04, The Woodgrove, S739065"
912,WOODLANDS FAMILY CLINIC,"305 Woodlands St 31, #01-85, S730305"
913,WOODLANDS MEDICAL CENTRE,"210 Marsiling Crescent, #01-09, S730210"
914,WU CLINIC & SURGERY,"249 Jurong East St 24, #01-78, S600249"
915,YANG & CHIN MEDICAL & DENTAL ASSOCIATES YANG ING SHYONG MEDICAL & AESTHETIC CLINIC,"139 Tampines St 11, #01-30, S521139"
916,YANG & YAP CLINIC AND SURGERY (PTE LTD) / DR YANG ING HONG MEDICAL AND AESTHETIC CLINIC,"537 Bedok North St 3, #01-571, S460537"
917,YAP FAMILY CLINIC,"132 Marsiling Rise, #01-230, S730132"
918,YAP MEDICARE CLINIC & SURGERY,"8 Empress Rd, #01-03, S260008"
919,YEO CLINIC,"134 Bt Batok West Ave 6, #01-447, S650134"
920,YIM CLINIC,"11A Boon Tiong Road, #02-03/04/05, S161011"
921,YIM MEDICAL CENTRE (ADMIRALTY MRT),"678 Woodlands Ave 6, #01-722, S730678"
922,YOONG FAMILY CLINIC & SURGERY,"333 Tampines St 32, #01-536, S520333"
923,ZAM FAMILY CLINIC,"516 Choa Chu Kang Street 51, #01-66, S680516"
924,ZENITH MEDICAL CLINIC,"266C Punggol Way, #01-374, S823266"
